,,,,,,,,大连商品交易所 成交量_买持仓_卖持仓排名,

合约代码：a2005,,Date：2019-11-19,

,,,期货公司会员,

名次,,会员简称,成交量,,增减,,
1,,东证期货,2466,,-92,,
2,,永安期货,1014,,-359,,
3,,国富期货,1002,,-189,,
4,,华安期货,904,,16,,
5,,中信期货,785,,-53,,
6,,宏源期货,531,,-66,,
7,,鲁证期货,400,,-118,,
8,,华泰期货,373,,19,,
9,,中财期货,344,,-257,,
10,,徽商期货,343,,72,,
11,,宝城期货,327,,54,,
12,,国投安信,309,,0,,
13,,渤海期货,286,,165,,
14,,方正中期,271,,-156,,
15,,银河期货,258,,-280,,
16,,中原期货,251,,-179,,
17,,海通期货,247,,-226,,
18,,五矿经易,235,,-126,,
19,,国信期货,194,,-13,,
20,,中金期货,190,,-24,,
总计,,,,10730,,-1812,,

名次,,会员简称,持买单量,增减,,
1,,永安期货,7683,,213,,
2,,浙商期货,4287,,93,,
3,,东证期货,4162,,86,,
4,,海通期货,2226,,43,,
5,,国投安信,2116,,-40,,
6,,天风期货,1686,,-5,,
7,,大越期货,1629,,43,,
8,,华信期货,1073,,12,,
9,,冠通期货,1001,,-22,,
10,,中财期货,883,,21,,
11,,鲁证期货,883,,243,,
12,,中信建投,784,,-10,,
13,,南华期货,766,,-3,,
14,,五矿经易,705,,25,,
15,,华泰期货,701,,54,,
16,,宏源期货,626,,207,,
17,,银河期货,537,,47,,
18,,和合期货,522,,-2,,
19,,华安期货,517,,3,,
20,,北京首创,514,,78,,
总计,,,,33301,,1086,,

名次,,会员简称,持卖单量,增减,,
1,,东证期货,4760,,-22,,
2,,中国国际,4483,,6,,
3,,国投安信,3319,,35,,
4,,永安期货,2755,,123,,
5,,广州金控,2462,,62,,
6,,宏源期货,1632,,128,,
7,,大有期货,1262,,0,,
8,,华安期货,1261,,47,,
9,,华泰期货,1227,,121,,
10,,中信期货,1223,,48,,
11,,美尔雅期货,1155,,-1,,
12,,北京首创,1062,,2,,
13,,中粮期货,1060,,-6,,
14,,一德期货,993,,-83,,
15,,宝城期货,951,,-103,,
16,,上海大陆,849,,-27,,
17,,光大期货,811,,0,,
18,,中大期货,737,,-1,,
19,,兴证期货,696,,20,,
20,,五矿经易,674,,208,,
总计,,,,33372,,557,,



会员类别,总成交量,增减,,
期货公司会员,10730,,-1812,,

会员类别,总持买单量,增减,,
期货公司会员,33301,,1086,,

会员类别,总持卖单量,增减,,
期货公司会员,33372,,557,,

,,,,,,,,大连商品交易所 成交量_买持仓_卖持仓排名,

合约代码：jd2005,,Date：2019-11-19,

,,,期货公司会员,

名次,,会员简称,成交量,,增减,,
1,,东证期货,6692,,-861,,
2,,海通期货,5519,,787,,
3,,方正中期,3671,,-2368,,
4,,徽商期货,2825,,-1661,,
5,,光大期货,2754,,243,,
6,,华安期货,2524,,-1337,,
7,,中信期货,2270,,-640,,
8,,国富期货,1660,,-51,,
9,,申银万国,1625,,-992,,
10,,宏源期货,1597,,-1137,,
11,,永安期货,1572,,-89,,
12,,金瑞期货,1543,,119,,
13,,华泰期货,1487,,-575,,
14,,南华期货,1447,,-277,,
15,,美尔雅期货,1371,,-95,,
16,,西部期货,1249,,473,,
17,,广发期货,1106,,-698,,
18,,东方财富,1093,,-473,,
19,,华信期货,1083,,-39,,
20,,弘业期货,1078,,120,,
总计,,,,44166,,-9551,,

名次,,会员简称,持买单量,增减,,
1,,永安期货,4714,,383,,
2,,广州金控,3998,,162,,
3,,广发期货,3101,,-26,,
4,,中信建投,1802,,48,,
5,,华泰期货,1765,,205,,
6,,中信期货,1632,,184,,
7,,国投安信,1516,,107,,
8,,银河期货,1387,,-43,,
9,,东证期货,1383,,349,,
10,,宏源期货,1354,,-185,,
11,,徽商期货,1320,,-72,,
12,,华安期货,1319,,157,,
13,,兴证期货,1281,,7,,
14,,山西三立,1278,,196,,
15,,中粮期货,1190,,398,,
16,,海通期货,1184,,356,,
17,,长江期货,1123,,28,,
18,,申银万国,1096,,-98,,
19,,方正中期,1092,,-86,,
20,,国泰君安,978,,10,,
总计,,,,34513,,2080,,

名次,,会员简称,持卖单量,增减,,
1,,华泰期货,2365,,-28,,
2,,中信期货,2257,,-46,,
3,,方正中期,2237,,-205,,
4,,永安期货,1982,,-213,,
5,,中国国际,1980,,1,,
6,,兴证期货,1875,,11,,
7,,徽商期货,1850,,93,,
8,,东航期货,1693,,-49,,
9,,长江期货,1646,,35,,
10,,中财期货,1553,,127,,
11,,中辉期货,1548,,24,,
12,,申银万国,1521,,113,,
13,,华安期货,1386,,65,,
14,,格林大华,1201,,-290,,
15,,宏源期货,1200,,-68,,
16,,中衍期货,1196,,208,,
17,,东证期货,1151,,19,,
18,,先锋期货,1147,,287,,
19,,华联期货,1132,,33,,
20,,浙商期货,1082,,18,,
总计,,,,32002,,135,,



会员类别,总成交量,增减,,
期货公司会员,44166,,-9551,,

会员类别,总持买单量,增减,,
期货公司会员,34513,,2080,,

会员类别,总持卖单量,增减,,
期货公司会员,32002,,135,,

,,,,,,,,大连商品交易所 成交量_买持仓_卖持仓排名,

合约代码：m2005,,Date：2019-11-19,

,,,期货公司会员,

名次,,会员简称,成交量,,增减,,
1,,东证期货,121308,,-10812,,
2,,新湖期货,35035,,-10982,,
3,,海通期货,28877,,-6553,,
4,,光大期货,21692,,-8051,,
5,,华安期货,18424,,-1891,,
6,,国富期货,17903,,-5013,,
7,,国泰君安,17573,,-14197,,
8,,中信期货,15611,,742,,
9,,银河期货,13972,,1340,,
10,,中粮期货,13495,,1061,,
11,,广州金控,12953,,-1583,,
12,,浙商期货,12391,,-5193,,
13,,徽商期货,11848,,-9958,,
14,,国投安信,10332,,-12098,,
15,,华泰期货,10291,,-6195,,
16,,东海期货,10228,,1417,,
17,,中信建投,9604,,-1870,,
18,,方正中期,9593,,-144,,
19,,中国国际,8707,,1365,,
20,,永安期货,8331,,-17536,,
总计,,,,408168,,-106151,

名次,,会员简称,持买单量,增减,,
1,,永安期货,72716,,-228,,
2,,一德期货,64920,,-1643,,
3,,东证期货,62061,,4515,,
4,,中信期货,58247,,812,,
5,,华泰期货,49912,,-1217,,
6,,广发期货,43873,,-2238,,
7,,浙商期货,43697,,2608,,
8,,申银万国,40761,,-396,,
9,,方正中期,32690,,480,,
10,,银河期货,32329,,1823,,
11,,大越期货,31042,,240,,
12,,国投安信,27996,,-2322,,
13,,宏源期货,27957,,349,,
14,,国泰君安,22505,,-454,,
15,,大地期货,19935,,596,,
16,,五矿经易,19617,,-216,,
17,,中粮期货,19137,,-729,,
18,,瑞达期货,18577,,-733,,
19,,弘业期货,16561,,-193,,
20,,宝城期货,16375,,-161,,
总计,,,,720908,,893,,

名次,,会员简称,持卖单量,增减,,
1,,中粮期货,276687,,-822,,
2,,国投安信,168391,,-2658,,
3,,摩根大通,74134,,1353,,
4,,银河期货,69322,,4305,,
5,,五矿经易,61034,,83,,
6,,申银万国,45770,,6,,
7,,一德期货,39014,,-743,,
8,,永安期货,33555,,-743,,
9,,新湖期货,33238,,-83,,
10,,鲁证期货,29993,,-326,,
11,,信达期货,28218,,-12,,
12,,国泰君安,26317,,-2943,,
13,,中信期货,25207,,705,,
14,,北京首创,25192,,-106,,
15,,中国国际,22282,,1532,,
16,,安粮期货,21169,,-15,,
17,,南华期货,21027,,397,,
18,,倍特期货,19430,,333,,
19,,东证期货,18075,,637,,
20,,金瑞期货,12817,,-12,,
总计,,,,1050872,888,,



会员类别,总成交量,增减,,
期货公司会员,408168,,-106151,

会员类别,总持买单量,增减,,
期货公司会员,720908,,893,,

会员类别,总持卖单量,增减,,
期货公司会员,1050872,888,,

,,,,,,,,大连商品交易所 成交量_买持仓_卖持仓排名,

合约代码：l2005,,Date：2019-11-19,

,,,期货公司会员,

名次,,会员简称,成交量,,增减,,
1,,东证期货,14642,,-5426,,
2,,光大期货,4435,,-3334,,
3,,永安期货,2870,,366,,
4,,银河期货,2544,,969,,
5,,中信期货,2088,,1108,,
6,,宏源期货,1988,,557,,
7,,弘业期货,1950,,733,,
8,,华泰期货,1522,,-1615,,
9,,兴证期货,1496,,-752,,
10,,海证期货,1282,,870,,
11,,中财期货,1257,,382,,
12,,方正中期,1206,,-1127,,
13,,浙商期货,1193,,-87,,
14,,国投安信,1051,,-348,,
15,,华信期货,1020,,54,,
16,,鲁证期货,926,,-1354,,
17,,安粮期货,877,,442,,
18,,中天期货,842,,-280,,
19,,广发期货,822,,116,,
20,,国海良时,739,,257,,
总计,,,,44750,,-8469,,

名次,,会员简称,持买单量,增减,,
1,,永安期货,12724,,1087,,
2,,东证期货,7999,,20,,
3,,中信期货,6937,,1022,,
4,,华泰期货,6449,,2,,
5,,中大期货,5588,,30,,
6,,方正中期,5060,,162,,
7,,徽商期货,4947,,170,,
8,,信达期货,4936,,-27,,
9,,大地期货,4579,,19,,
10,,银河期货,4049,,97,,
11,,中辉期货,3589,,-230,,
12,,广发期货,3567,,160,,
13,,宏源期货,3455,,-437,,
14,,国信期货,3207,,-104,,
15,,中财期货,3206,,82,,
16,,国投安信,2994,,99,,
17,,海通期货,2967,,58,,
18,,英大期货,2930,,14,,
19,,浙商期货,2823,,146,,
20,,弘业期货,2756,,163,,
总计,,,,94762,,2533,,

名次,,会员简称,持卖单量,增减,,
1,,永安期货,18952,,-339,,
2,,中信期货,11070,,430,,
3,,华泰期货,10464,,-18,,
4,,信达期货,7648,,7,,
5,,银河期货,7345,,1817,,
6,,建信期货,6918,,514,,
7,,国海良时,5741,,-287,,
8,,东证期货,5538,,-116,,
9,,中财期货,5168,,25,,
10,,弘业期货,4825,,115,,
11,,方正中期,4622,,-34,,
12,,国投安信,4420,,128,,
13,,国泰君安,3957,,-43,,
14,,金瑞期货,3883,,3,,
15,,新湖期货,3725,,-36,,
16,,宝城期货,3712,,15,,
17,,南华期货,3578,,-59,,
18,,一德期货,3416,,327,,
19,,海证期货,3178,,222,,
20,,光大期货,3090,,-53,,
总计,,,,121250,,2618,,



会员类别,总成交量,增减,,
期货公司会员,44750,,-8469,,

会员类别,总持买单量,增减,,
期货公司会员,94762,,2533,,

会员类别,总持卖单量,增减,,
期货公司会员,121250,,2618,,

,,,,,,,,大连商品交易所 成交量_买持仓_卖持仓排名,

合约代码：y2001,,Date：2019-11-19,

,,,期货公司会员,

名次,,会员简称,成交量,,增减,,
1,,东证期货,182737,,-15974,,
2,,兴证期货,46162,,-18186,,
3,,光大期货,43932,,727,,
4,,中信期货,30263,,-3073,,
5,,申银万国,26370,,4950,,
6,,海通期货,24161,,-3589,,
7,,方正中期,23287,,-4648,,
8,,招商期货,19433,,4707,,
9,,国泰君安,17928,,7011,,
10,,国投安信,13939,,702,,
11,,中粮期货,11496,,-9075,,
12,,华泰期货,11479,,1040,,
13,,徽商期货,10582,,917,,
14,,华安期货,10535,,-1928,,
15,,永安期货,10480,,-4684,,
16,,国元期货,9758,,-4025,,
17,,国富期货,9498,,-3098,,
18,,中辉期货,9442,,324,,
19,,一德期货,9362,,-782,,
20,,广发期货,9211,,2262,,
总计,,,,530055,,-46422,,

名次,,会员简称,持买单量,增减,,
1,,银河期货,33093,,-425,,
2,,永安期货,24151,,-169,,
3,,中信期货,18930,,-3250,,
4,,中粮期货,18551,,-3104,,
5,,鲁证期货,17923,,-107,,
6,,东证期货,13086,,987,,
7,,一德期货,11213,,202,,
8,,北京首创,10812,,742,,
9,,光大期货,9026,,990,,
10,,宏源期货,8960,,493,,
11,,海通期货,8337,,320,,
12,,广发期货,6505,,1649,,
13,,华泰期货,6324,,127,,
14,,国富期货,5681,,226,,
15,,新湖期货,5483,,644,,
16,,华闻期货,5146,,-7,,
17,,中国国际,5111,,-50,,
18,,南华期货,5045,,358,,
19,,国泰君安,4769,,-671,,
20,,国投安信,4732,,-222,,
总计,,,,222878,,-1267,,

名次,,会员简称,持卖单量,增减,,
1,,国投安信,44128,,-3015,,
2,,中粮期货,35855,,-4502,,
3,,一德期货,27588,,-5854,,
4,,中信期货,17173,,-1119,,
5,,华泰期货,13871,,-4506,,
6,,广发期货,10852,,-388,,
7,,海通期货,9948,,1555,,
8,,上海中期,9449,,31,,
9,,国泰君安,8890,,783,,
10,,信达期货,8567,,-252,,
11,,国富期货,8418,,402,,
12,,银河期货,8191,,-417,,
13,,鲁证期货,8004,,141,,
14,,东证期货,6056,,-510,,
15,,摩根大通,4925,,0,,
16,,永安期货,4812,,-375,,
17,,国贸期货,4183,,3613,,
18,,英大期货,4131,,-39,,
19,,申银万国,3794,,-3346,,
20,,华安期货,3672,,-120,,
总计,,,,242507,,-17918,,



会员类别,总成交量,增减,,
期货公司会员,530055,,-46422,,

会员类别,总持买单量,增减,,
期货公司会员,222878,,-1267,,

会员类别,总持卖单量,增减,,
期货公司会员,242507,,-17918,,

,,,,,,,,大连商品交易所 成交量_买持仓_卖持仓排名,

合约代码：i2009,,Date：2019-11-19,

,,,期货公司会员,

名次,,会员简称,成交量,,增减,,
1,,东证期货,2922,,-1651,,
2,,东吴期货,1612,,-253,,
3,,光大期货,1492,,-1047,,
4,,上海东亚,1351,,201,,
5,,中信期货,853,,53,,
6,,银河期货,735,,215,,
7,,平安期货,677,,199,,
8,,中财期货,661,,-456,,
9,,方正中期,563,,-600,,
10,,国联期货,464,,-56,,
11,,宏源期货,447,,167,,
12,,海通期货,431,,-341,,
13,,中辉期货,395,,81,,
14,,盛达期货,300,,296,,
15,,申银万国,295,,-1277,,
16,,永安期货,282,,-480,,
17,,大地期货,272,,169,,
18,,徽商期货,254,,-2052,,
19,,国信期货,246,,-89,,
20,,美尔雅期货,245,,85,,
总计,,,,14497,,-6836,,

名次,,会员简称,持买单量,增减,,
1,,海通期货,8737,,83,,
2,,华泰期货,3657,,4,,
3,,招商期货,3562,,-98,,
4,,长江期货,3158,,3,,
5,,中信期货,2994,,-87,,
6,,徽商期货,2075,,-29,,
7,,鲁证期货,1714,,-4,,
8,,国投安信,1346,,30,,
9,,东证期货,1296,,27,,
10,,南华期货,1272,,-1,,
11,,大地期货,987,,3,,
12,,平安期货,970,,524,,
13,,中财期货,808,,-20,,
14,,光大期货,786,,64,,
15,,银河期货,752,,-106,,
16,,东海期货,666,,1,,
17,,海证期货,652,,15,,
18,,永安期货,633,,-21,,
19,,北京首创,596,,-44,,
20,,新湖期货,502,,2,,
总计,,,,37163,,346,,

名次,,会员简称,持卖单量,增减,,
1,,华泰期货,3637,,52,,
2,,国富期货,3365,,19,,
3,,海通期货,3212,,0,,
4,,方正中期,3078,,342,,
5,,永安期货,2941,,173,,
6,,一德期货,2580,,-7,,
7,,国投安信,1851,,99,,
8,,东证期货,1685,,9,,
9,,海证期货,1558,,-8,,
10,,申银万国,1515,,-21,,
11,,东海期货,1421,,6,,
12,,宏源期货,1264,,217,,
13,,浙商期货,1165,,89,,
14,,中财期货,891,,-193,,
15,,天风期货,866,,6,,
16,,国泰君安,817,,31,,
17,,中辉期货,708,,1,,
18,,宝城期货,626,,0,,
19,,国贸期货,626,,30,,
20,,国联期货,606,,-61,,
总计,,,,34412,,784,,



会员类别,总成交量,增减,,
期货公司会员,14497,,-6836,,

会员类别,总持买单量,增减,,
期货公司会员,37163,,346,,

会员类别,总持卖单量,增减,,
期货公司会员,34412,,784,,

,,,,,,,,大连商品交易所 成交量_买持仓_卖持仓排名,

合约代码：eg2005,,Date：2019-11-19,

,,,期货公司会员,

名次,,会员简称,成交量,,增减,,
1,,东证期货,6406,,-2032,,
2,,上海中期,2672,,2056,,
3,,徽商期货,2670,,-958,,
4,,中信期货,2468,,-264,,
5,,海通期货,2373,,-290,,
6,,方正中期,1762,,-7,,
7,,国富期货,1737,,-247,,
8,,永安期货,1725,,-587,,
9,,平安期货,1695,,-340,,
10,,银河期货,1576,,588,,
11,,光大期货,1384,,158,,
12,,国联期货,1224,,853,,
13,,宏源期货,1205,,567,,
14,,华泰期货,1140,,-1179,,
15,,浙商期货,1089,,-266,,
16,,中信建投,1077,,-227,,
17,,国投安信,1053,,-553,,
18,,一德期货,1039,,-288,,
19,,华安期货,971,,-263,,
20,,先融期货,864,,642,,
总计,,,,36130,,-2637,,

名次,,会员简称,持买单量,增减,,
1,,通惠期货,9679,,-70,,
2,,新湖期货,5847,,108,,
3,,建信期货,5536,,-43,,
4,,华泰期货,4878,,-255,,
5,,永安期货,4619,,467,,
6,,鲁证期货,4362,,-8,,
7,,中信期货,4116,,594,,
8,,一德期货,4028,,-26,,
9,,招商期货,2816,,-28,,
10,,银河期货,2478,,-23,,
11,,海通期货,2371,,4,,
12,,平安期货,2330,,20,,
13,,长江期货,2319,,-92,,
14,,方正中期,2306,,31,,
15,,东海期货,2243,,-220,,
16,,国投安信,2165,,218,,
17,,国泰君安,2161,,1,,
18,,兴业期货,1932,,-160,,
19,,东证期货,1696,,64,,
20,,中银国际,1680,,0,,
总计,,,,69562,,582,,

名次,,会员简称,持卖单量,增减,,
1,,永安期货,8545,,492,,
2,,银河期货,5285,,5,,
3,,中信期货,4644,,46,,
4,,国投安信,4529,,45,,
5,,国泰君安,4307,,82,,
6,,东证期货,4154,,114,,
7,,东海期货,4141,,133,,
8,,申银万国,4050,,53,,
9,,华泰期货,3243,,-9,,
10,,格林大华,3196,,-9,,
11,,上海大陆,3119,,99,,
12,,一德期货,2630,,-387,,
13,,招商期货,2272,,108,,
14,,鲁证期货,2189,,-211,,
15,,浙商期货,1860,,-124,,
16,,华金期货,1773,,20,,
17,,华安期货,1674,,-101,,
18,,宏源期货,1652,,138,,
19,,天风期货,1622,,113,,
20,,美尔雅期货,1337,,-9,,
总计,,,,66222,,598,,



会员类别,总成交量,增减,,
期货公司会员,36130,,-2637,,

会员类别,总持买单量,增减,,
期货公司会员,69562,,582,,

会员类别,总持卖单量,增减,,
期货公司会员,66222,,598,,

,,,,,,,,大连商品交易所 成交量_买持仓_卖持仓排名,

合约代码：y2005,,Date：2019-11-19,

,,,期货公司会员,

名次,,会员简称,成交量,,增减,,
1,,东证期货,72545,,10687,,
2,,光大期货,45162,,12008,,
3,,中粮期货,20967,,-1265,,
4,,银河期货,15799,,8177,,
5,,新湖期货,14148,,12336,,
6,,中信期货,11434,,-1611,,
7,,广发期货,10558,,1659,,
8,,国元期货,9442,,-596,,
9,,海通期货,9213,,-4744,,
10,,华安期货,8951,,-254,,
11,,浙商期货,7321,,-691,,
12,,永安期货,7128,,1537,,
13,,国投安信,6583,,-1215,,
14,,国信期货,6460,,1050,,
15,,申银万国,5984,,-3129,,
16,,一德期货,5106,,646,,
17,,中财期货,5025,,1914,,
18,,上海中期,4942,,1282,,
19,,方正中期,4625,,148,,
20,,金瑞期货,4391,,870,,
总计,,,,275784,,38809,,

名次,,会员简称,持买单量,增减,,
1,,银河期货,26927,,9203,,
2,,永安期货,19966,,2096,,
3,,光大期货,13372,,-133,,
4,,中财期货,12837,,-344,,
5,,信达期货,12816,,-47,,
6,,中粮期货,10174,,-5574,,
7,,一德期货,9917,,-3018,,
8,,中信期货,9358,,-1692,,
9,,北京首创,8390,,-403,,
10,,东证期货,8208,,-473,,
11,,华安期货,8092,,2153,,
12,,国投安信,7859,,140,,
13,,金瑞期货,6947,,-66,,
14,,华泰期货,6457,,80,,
15,,浙商期货,5866,,212,,
16,,五矿经易,5860,,130,,
17,,申银万国,5767,,-431,,
18,,前海期货,5621,,-300,,
19,,创元期货,4378,,231,,
20,,大越期货,4267,,-25,,
总计,,,,193079,,1739,,

名次,,会员简称,持卖单量,增减,,
1,,中粮期货,67955,,2029,,
2,,国投安信,45671,,1545,,
3,,摩根大通,19907,,535,,
4,,一德期货,14143,,152,,
5,,新湖期货,13608,,-104,,
6,,信达期货,12898,,-32,,
7,,银河期货,12646,,722,,
8,,中信期货,8852,,-494,,
9,,国泰君安,8759,,-576,,
10,,五矿经易,8372,,218,,
11,,广发期货,8344,,-1466,,
12,,永安期货,7967,,316,,
13,,北京首创,7439,,1008,,
14,,申银万国,6385,,203,,
15,,中国国际,6105,,959,,
16,,安粮期货,5606,,-197,,
17,,东证期货,4683,,338,,
18,,南华期货,4399,,-56,,
19,,平安期货,4130,,540,,
20,,海通期货,3627,,680,,
总计,,,,271496,,6320,,



会员类别,总成交量,增减,,
期货公司会员,275784,,38809,,

会员类别,总持买单量,增减,,
期货公司会员,193079,,1739,,

会员类别,总持卖单量,增减,,
期货公司会员,271496,,6320,,

,,,,,,,,大连商品交易所 成交量_买持仓_卖持仓排名,

合约代码：eg2001,,Date：2019-11-19,

,,,期货公司会员,

名次,,会员简称,成交量,,增减,,
1,,东证期货,95059,,-20026,,
2,,海通期货,34859,,-16313,,
3,,中信期货,22466,,-8428,,
4,,国泰君安,19293,,-7365,,
5,,徽商期货,19281,,-6597,,
6,,华安期货,16045,,-3488,,
7,,方正中期,10521,,-7152,,
8,,东吴期货,10295,,-1435,,
9,,东方财富,10150,,-5430,,
10,,安粮期货,9865,,2055,,
11,,华泰期货,9072,,-2924,,
12,,银河期货,8267,,-6835,,
13,,永安期货,8093,,-14744,,
14,,国富期货,7751,,-4427,,
15,,申银万国,7234,,-792,,
16,,浙商期货,6512,,668,,
17,,中信建投,6293,,-1727,,
18,,宏源期货,6185,,-1200,,
19,,光大期货,6164,,-342,,
20,,东航期货,6163,,-2326,,
总计,,,,319568,,-108828,

名次,,会员简称,持买单量,增减,,
1,,永安期货,26342,,-1010,,
2,,国投安信,10228,,-645,,
3,,申银万国,7426,,-977,,
4,,华泰期货,6906,,556,,
5,,南华期货,6155,,140,,
6,,海通期货,5797,,1610,,
7,,浙商期货,5360,,84,,
8,,银河期货,5058,,-75,,
9,,国泰君安,4649,,67,,
10,,中信期货,4381,,417,,
11,,东证期货,3702,,-116,,
12,,北京首创,3636,,-8,,
13,,兴证期货,3477,,498,,
14,,广发期货,3464,,134,,
15,,中财期货,3231,,314,,
16,,东吴期货,2861,,1091,,
17,,华闻期货,2853,,622,,
18,,新湖期货,2767,,177,,
19,,徽商期货,2748,,246,,
20,,中信建投,2618,,-459,,
总计,,,,113659,,2666,,

名次,,会员简称,持卖单量,增减,,
1,,银河期货,12238,,68,,
2,,永安期货,10550,,667,,
3,,东海期货,9358,,56,,
4,,天风期货,8564,,326,,
5,,国投安信,7560,,-55,,
6,,鲁证期货,6873,,56,,
7,,上海中期,6141,,258,,
8,,方正中期,5731,,-1706,,
9,,中信期货,5509,,491,,
10,,五矿经易,5162,,186,,
11,,国泰君安,5068,,-296,,
12,,东证期货,4406,,659,,
13,,海通期货,3953,,-357,,
14,,先融期货,3640,,634,,
15,,宝城期货,3404,,871,,
16,,创元期货,3379,,342,,
17,,华泰期货,3362,,-420,,
18,,南华期货,3020,,-362,,
19,,大地期货,2869,,178,,
20,,兴证期货,2630,,206,,
总计,,,,113417,,1802,,



会员类别,总成交量,增减,,
期货公司会员,319568,,-108828,

会员类别,总持买单量,增减,,
期货公司会员,113659,,2666,,

会员类别,总持卖单量,增减,,
期货公司会员,113417,,1802,,

,,,,,,,,大连商品交易所 成交量_买持仓_卖持仓排名,

合约代码：c2003,,Date：2019-11-19,

,,,期货公司会员,

名次,,会员简称,成交量,,增减,,
1,,东证期货,12350,,-2708,,
2,,方正中期,12161,,-2216,,
3,,格林大华,5337,,955,,
4,,西部期货,4648,,-1588,,
5,,浙商期货,4630,,1434,,
6,,中大期货,4579,,-1060,,
7,,国海良时,3798,,-4514,,
8,,弘业期货,3796,,-481,,
9,,鲁证期货,3462,,-1754,,
10,,国投安信,3282,,-99,,
11,,中信期货,3139,,-508,,
12,,申银万国,2975,,-3,,
13,,海通期货,2857,,-96,,
14,,华信期货,2800,,-255,,
15,,永安期货,1246,,-2385,,
16,,光大期货,960,,-394,,
17,,锦泰期货,787,,-242,,
18,,金瑞期货,744,,-542,,
19,,新湖期货,646,,-356,,
20,,国元期货,551,,230,,
总计,,,,74748,,-16582,,

名次,,会员简称,持买单量,增减,,
1,,东证期货,40143,,86,,
2,,浙商期货,29219,,0,,
3,,国投安信,27377,,2,,
4,,格林大华,22391,,-58,,
5,,中信期货,22122,,141,,
6,,国海良时,19189,,0,,
7,,申银万国,18914,,-69,,
8,,弘业期货,18628,,47,,
9,,中大期货,18211,,-241,,
10,,方正中期,17771,,1472,,
11,,海通期货,17278,,23,,
12,,鲁证期货,15316,,2,,
13,,新湖期货,14217,,-323,,
14,,永安期货,3478,,31,,
15,,瑞达期货,2295,,51,,
16,,华信期货,900,,-700,,
17,,国泰君安,842,,3,,
18,,广州金控,780,,0,,
19,,光大期货,769,,230,,
20,,东吴期货,487,,0,,
总计,,,,290327,,697,,

名次,,会员简称,持卖单量,增减,,
1,,东证期货,41797,,-16,,
2,,浙商期货,29005,,0,,
3,,中信期货,22414,,-48,,
4,,格林大华,22376,,-69,,
5,,国海良时,19199,,0,,
6,,申银万国,18997,,-70,,
7,,弘业期货,18795,,41,,
8,,中大期货,18165,,-244,,
9,,方正中期,17738,,1489,,
10,,海通期货,17121,,100,,
11,,鲁证期货,16314,,-130,,
12,,新湖期货,14216,,-323,,
13,,国投安信,10023,,0,,
14,,永安期货,7639,,-137,,
15,,瑞达期货,2260,,29,,
16,,混沌天成,2000,,100,,
17,,国泰君安,1689,,-1,,
18,,前海期货,1380,,0,,
19,,华金期货,947,,-53,,
20,,华信期货,900,,-700,,
总计,,,,282975,,-32,,



会员类别,总成交量,增减,,
期货公司会员,74748,,-16582,,

会员类别,总持买单量,增减,,
期货公司会员,290327,,697,,

会员类别,总持卖单量,增减,,
期货公司会员,282975,,-32,,

,,,,,,,,大连商品交易所 成交量_买持仓_卖持仓排名,

合约代码：i2001,,Date：2019-11-19,

,,,期货公司会员,

名次,,会员简称,成交量,,增减,,
1,,冠通期货,157786,,-33035,,
2,,国富期货,144522,,-1828,,
3,,东证期货,102343,,-7128,,
4,,光大期货,100042,,11173,,
5,,国泰君安,79285,,-14298,,
6,,方正中期,74430,,13447,,
7,,海通期货,71259,,3402,,
8,,永安期货,64822,,4120,,
9,,中信期货,60618,,-11320,,
10,,申银万国,46191,,-3151,,
11,,银河期货,42463,,19198,,
12,,华泰期货,39558,,2211,,
13,,东海期货,37934,,-7160,,
14,,一德期货,29824,,475,,
15,,徽商期货,28045,,-6461,,
16,,广发期货,22263,,4146,,
17,,国信期货,20563,,10033,,
18,,兴证期货,17891,,-1917,,
19,,华安期货,17710,,-2577,,
20,,中粮期货,17641,,7859,,
总计,,,,1175190,-12811,,

名次,,会员简称,持买单量,增减,,
1,,永安期货,55868,,-22677,,
2,,申银万国,54514,,3323,,
3,,银河期货,42449,,6705,,
4,,中信期货,38829,,-355,,
5,,国富期货,36461,,-8060,,
6,,东证期货,30831,,487,,
7,,光大期货,26661,,4436,,
8,,国泰君安,26165,,-6883,,
9,,乾坤期货,25982,,250,,
10,,方正中期,20905,,-5868,,
11,,海通期货,18708,,-12261,,
12,,兴证期货,16689,,-7255,,
13,,华泰期货,16329,,4598,,
14,,一德期货,13519,,-5938,,
15,,国投安信,12782,,310,,
16,,中粮期货,11348,,6103,,
17,,五矿经易,11220,,2505,,
18,,鲁证期货,10215,,-26,,
19,,广发期货,10019,,392,,
20,,中财期货,9745,,1563,,
总计,,,,489239,,-38651,,

名次,,会员简称,持卖单量,增减,,
1,,中信期货,55393,,8651,,
2,,永安期货,38096,,-2865,,
3,,方正中期,36490,,14346,,
4,,国富期货,34896,,-8496,,
5,,银河期货,34468,,-1110,,
6,,一德期货,28880,,-4700,,
7,,光大期货,28223,,1636,,
8,,东证期货,26903,,-2780,,
9,,华泰期货,25629,,6900,,
10,,鲁证期货,25613,,3505,,
11,,海通期货,22726,,-14724,,
12,,浙商期货,19495,,-2941,,
13,,广发期货,18847,,-219,,
14,,申银万国,15699,,592,,
15,,兴业期货,14108,,-944,,
16,,徽商期货,13594,,-1386,,
17,,南华期货,10520,,-431,,
18,,大地期货,9707,,-644,,
19,,国投安信,9502,,-521,,
20,,中辉期货,9182,,-1149,,
总计,,,,477971,,-7280,,



会员类别,总成交量,增减,,
期货公司会员,1175190,-12811,,

会员类别,总持买单量,增减,,
期货公司会员,489239,,-38651,,

会员类别,总持卖单量,增减,,
期货公司会员,477971,,-7280,,

,,,,,,,,大连商品交易所 成交量_买持仓_卖持仓排名,

合约代码：p2009,,Date：2019-11-19,

,,,期货公司会员,

名次,,会员简称,成交量,,增减,,
1,,德盛期货,979,,926,,
2,,美尔雅期货,929,,903,,
3,,银河期货,863,,761,,
4,,东兴期货,812,,808,,
5,,永安期货,616,,13,,
6,,国元期货,615,,-987,,
7,,东证期货,520,,394,,
8,,国泰君安,519,,476,,
9,,中天期货,503,,502,,
10,,金信期货,502,,502,,
11,,渤海期货,498,,354,,
12,,华泰期货,453,,413,,
13,,国投安信,422,,381,,
14,,一德期货,284,,280,,
15,,浙商期货,275,,264,,
16,,五矿经易,270,,245,,
17,,徽商期货,255,,-80,,
18,,中辉期货,230,,107,,
19,,方正中期,218,,39,,
20,,盛达期货,212,,211,,
总计,,,,9975,,6512,,

名次,,会员简称,持买单量,增减,,
1,,渤海期货,2152,,494,,
2,,德盛期货,2072,,944,,
3,,申银万国,1831,,-7,,
4,,上海中期,1227,,0,,
5,,东兴期货,935,,806,,
6,,中信期货,744,,49,,
7,,永安期货,700,,-518,,
8,,瑞达期货,586,,0,,
9,,中国国际,565,,4,,
10,,方正中期,552,,12,,
11,,浙商期货,504,,26,,
12,,国投安信,475,,51,,
13,,华安期货,420,,-4,,
14,,华泰期货,400,,-342,,
15,,国泰君安,307,,-209,,
16,,徽商期货,299,,40,,
17,,东航期货,262,,-1,,
18,,国联期货,252,,55,,
19,,国海良时,239,,2,,
20,,中辉期货,234,,-32,,
总计,,,,14756,,1370,,

名次,,会员简称,持卖单量,增减,,
1,,国投安信,4676,,-303,,
2,,国富期货,2999,,45,,
3,,浙商期货,1529,,173,,
4,,美尔雅期货,1024,,869,,
5,,中辉期货,944,,-18,,
6,,国泰君安,933,,-288,,
7,,永安期货,607,,18,,
8,,建信期货,436,,-1,,
9,,前海期货,299,,-59,,
10,,五矿经易,284,,250,,
11,,上海中期,279,,-58,,
12,,华泰期货,259,,1,,
13,,东证期货,257,,8,,
14,,盛达期货,239,,211,,
15,,平安期货,223,,16,,
16,,广州金控,217,,3,,
17,,华金期货,210,,1,,
18,,一德期货,205,,86,,
19,,东方财富,200,,-40,,
20,,东吴期货,197,,0,,
总计,,,,16017,,914,,



会员类别,总成交量,增减,,
期货公司会员,9975,,6512,,

会员类别,总持买单量,增减,,
期货公司会员,14756,,1370,,

会员类别,总持卖单量,增减,,
期货公司会员,16017,,914,,

,,,,,,,,大连商品交易所 成交量_买持仓_卖持仓排名,

合约代码：jd2003,,Date：2019-11-19,

,,,期货公司会员,

名次,,会员简称,成交量,,增减,,
1,,方正中期,932,,-1007,,
2,,东证期货,609,,-99,,
3,,徽商期货,525,,-322,,
4,,国泰君安,407,,201,,
5,,格林大华,389,,221,,
6,,长江期货,371,,-83,,
7,,宏源期货,369,,-114,,
8,,华安期货,344,,-483,,
9,,中信期货,320,,-180,,
10,,中信建投,276,,-404,,
11,,瑞达期货,233,,165,,
12,,永安期货,229,,-15,,
13,,冠通期货,208,,-39,,
14,,西部期货,208,,22,,
15,,美尔雅期货,205,,34,,
16,,汇鑫期货,201,,94,,
17,,先锋期货,163,,-114,,
18,,华泰期货,140,,-349,,
19,,上海中期,139,,-132,,
20,,华鑫期货,136,,109,,
总计,,,,6404,,-2495,,

名次,,会员简称,持买单量,增减,,
1,,方正中期,1307,,-1,,
2,,中辉期货,1198,,0,,
3,,宝城期货,935,,8,,
4,,广发期货,812,,3,,
5,,光大期货,748,,-6,,
6,,中信期货,667,,187,,
7,,长江期货,667,,4,,
8,,银河期货,552,,2,,
9,,宏源期货,534,,10,,
10,,永安期货,506,,-20,,
11,,南华期货,402,,8,,
12,,兴证期货,401,,15,,
13,,中财期货,351,,0,,
14,,鲁证期货,315,,-18,,
15,,美尔雅期货,299,,167,,
16,,浙商期货,293,,-1,,
17,,中信建投,229,,-25,,
18,,东海期货,227,,2,,
19,,海通期货,218,,0,,
20,,格林大华,212,,0,,
总计,,,,10873,,335,,

名次,,会员简称,持卖单量,增减,,
1,,华安期货,812,,34,,
2,,方正中期,769,,121,,
3,,长江期货,688,,79,,
4,,格林大华,674,,-325,,
5,,鲁证期货,638,,-34,,
6,,汇鑫期货,633,,201,,
7,,徽商期货,567,,23,,
8,,先锋期货,537,,27,,
9,,华泰期货,411,,-43,,
10,,中大期货,403,,21,,
11,,海证期货,371,,11,,
12,,中钢期货,350,,0,,
13,,永安期货,308,,-45,,
14,,申银万国,271,,23,,
15,,瑞达期货,251,,67,,
16,,宏源期货,248,,57,,
17,,中信建投,237,,-23,,
18,,东航期货,235,,14,,
19,,东方财富,205,,13,,
20,,天风期货,203,,-12,,
总计,,,,8811,,209,,



会员类别,总成交量,增减,,
期货公司会员,6404,,-2495,,

会员类别,总持买单量,增减,,
期货公司会员,10873,,335,,

会员类别,总持卖单量,增减,,
期货公司会员,8811,,209,,

,,,,,,,,大连商品交易所 成交量_买持仓_卖持仓排名,

合约代码：l2001,,Date：2019-11-19,

,,,期货公司会员,

名次,,会员简称,成交量,,增减,,
1,,东证期货,62246,,-12962,,
2,,兴证期货,28564,,-9946,,
3,,国富期货,24231,,-7240,,
4,,海通期货,21743,,4910,,
5,,华泰期货,12044,,-1571,,
6,,方正中期,11515,,-489,,
7,,光大期货,10167,,-3884,,
8,,国泰君安,9712,,1649,,
9,,永安期货,8601,,2248,,
10,,银河期货,6307,,2674,,
11,,招商期货,6268,,1269,,
12,,徽商期货,6266,,22,,
13,,中信期货,5850,,923,,
14,,浙商期货,5559,,-2633,,
15,,东航期货,5396,,3603,,
16,,弘业期货,5001,,1216,,
17,,申银万国,4932,,42,,
18,,南华期货,4451,,708,,
19,,建信期货,3968,,3526,,
20,,东吴期货,3596,,2065,,
总计,,,,246417,,-13870,,

名次,,会员简称,持买单量,增减,,
1,,永安期货,33241,,-5042,,
2,,南华期货,15377,,-12,,
3,,广发期货,9509,,-62,,
4,,中信期货,9148,,-91,,
5,,东证期货,8510,,-524,,
6,,华泰期货,8016,,-582,,
7,,兴证期货,7725,,691,,
8,,弘业期货,6986,,-137,,
9,,方正中期,6717,,-118,,
10,,北京首创,6033,,72,,
11,,申银万国,5925,,-133,,
12,,建信期货,5688,,-1119,,
13,,浙商期货,5247,,280,,
14,,华安期货,4804,,-146,,
15,,中大期货,4739,,-173,,
16,,徽商期货,4722,,-295,,
17,,大地期货,4687,,47,,
18,,国泰君安,4599,,-59,,
19,,国投安信,4385,,-41,,
20,,银河期货,4278,,1633,,
总计,,,,160336,,-5811,,

名次,,会员简称,持卖单量,增减,,
1,,中信期货,23356,,339,,
2,,国投安信,20933,,-267,,
3,,银河期货,16989,,-510,,
4,,华泰期货,14073,,-256,,
5,,海通期货,13326,,552,,
6,,浙商期货,13069,,417,,
7,,方正中期,11168,,419,,
8,,永安期货,11078,,-611,,
9,,东证期货,9894,,-896,,
10,,光大期货,5903,,-230,,
11,,兴证期货,5491,,383,,
12,,建信期货,5395,,71,,
13,,国海良时,4938,,-217,,
14,,信达期货,4916,,24,,
15,,国富期货,4911,,-469,,
16,,国泰君安,4728,,-395,,
17,,长城期货,4306,,150,,
18,,南华期货,4013,,353,,
19,,中粮期货,3994,,121,,
20,,中财期货,3983,,-318,,
总计,,,,186464,,-1340,,



会员类别,总成交量,增减,,
期货公司会员,246417,,-13870,,

会员类别,总持买单量,增减,,
期货公司会员,160336,,-5811,,

会员类别,总持卖单量,增减,,
期货公司会员,186464,,-1340,,

,,,,,,,,大连商品交易所 成交量_买持仓_卖持仓排名,

合约代码：i2002,,Date：2019-11-19,

,,,期货公司会员,

名次,,会员简称,成交量,,增减,,
1,,方正中期,8784,,3297,,
2,,光大期货,5315,,1613,,
3,,宝城期货,4008,,-109,,
4,,东海期货,3105,,2466,,
5,,中信期货,2791,,555,,
6,,浙商期货,2324,,-146,,
7,,新湖期货,2222,,24,,
8,,东证期货,2133,,-530,,
9,,南华期货,2124,,52,,
10,,国海良时,2095,,-198,,
11,,国投安信,2076,,436,,
12,,上海中期,1728,,-631,,
13,,华西期货,1030,,64,,
14,,天风期货,612,,301,,
15,,华闻期货,600,,96,,
16,,银河期货,509,,408,,
17,,国信期货,447,,-34,,
18,,申银万国,436,,407,,
19,,五矿经易,402,,16,,
20,,国贸期货,343,,134,,
总计,,,,43084,,8221,,

名次,,会员简称,持买单量,增减,,
1,,南华期货,8854,,111,,
2,,浙商期货,6092,,-56,,
3,,中信期货,5231,,160,,
4,,宝城期货,4468,,-291,,
5,,上海中期,4108,,-212,,
6,,国投安信,4012,,0,,
7,,方正中期,3793,,265,,
8,,弘业期货,3507,,-2,,
9,,新湖期货,3472,,139,,
10,,东海期货,3302,,-1,,
11,,国海良时,3007,,16,,
12,,银河期货,2770,,460,,
13,,永安期货,2359,,-7,,
14,,东证期货,2253,,-155,,
15,,华西期货,1703,,116,,
16,,迈科期货,392,,2,,
17,,上海大陆,200,,10,,
18,,光大期货,176,,98,,
19,,华联期货,160,,0,,
20,,金瑞期货,66,,0,,
总计,,,,59925,,653,,

名次,,会员简称,持卖单量,增减,,
1,,南华期货,8854,,107,,
2,,浙商期货,6020,,4,,
3,,中信期货,5236,,161,,
4,,宝城期货,4463,,-273,,
5,,上海中期,4110,,-224,,
6,,国投安信,4042,,24,,
7,,方正中期,3783,,275,,
8,,弘业期货,3522,,6,,
9,,新湖期货,3369,,125,,
10,,东海期货,3303,,0,,
11,,国海良时,2979,,1,,
12,,永安期货,2472,,1,,
13,,东证期货,2468,,-24,,
14,,银河期货,2365,,25,,
15,,华西期货,1704,,116,,
16,,迈科期货,390,,0,,
17,,华联期货,164,,2,,
18,,光大期货,136,,21,,
19,,国贸期货,113,,110,,
20,,华闻期货,111,,111,,
总计,,,,59604,,568,,



会员类别,总成交量,增减,,
期货公司会员,43084,,8221,,

会员类别,总持买单量,增减,,
期货公司会员,59925,,653,,

会员类别,总持卖单量,增减,,
期货公司会员,59604,,568,,

,,,,,,,,大连商品交易所 成交量_买持仓_卖持仓排名,

合约代码：eb2005,,Date：2019-11-19,

,,,期货公司会员,

名次,,会员简称,成交量,,增减,,
1,,东证期货,16309,,3873,,
2,,海通期货,8033,,2643,,
3,,徽商期货,4429,,-1454,,
4,,永安期货,4168,,152,,
5,,方正中期,3966,,-390,,
6,,华安期货,3876,,-1362,,
7,,中信期货,3335,,-1244,,
8,,国泰君安,3051,,1008,,
9,,中财期货,2670,,477,,
10,,宏源期货,2286,,1039,,
11,,华泰期货,2279,,-588,,
12,,银河期货,2274,,-1024,,
13,,华闻期货,2007,,358,,
14,,东方财富,1679,,35,,
15,,国海良时,1679,,-131,,
16,,浙商期货,1671,,405,,
17,,东海期货,1634,,762,,
18,,美尔雅期货,1630,,-1999,,
19,,中辉期货,1527,,-459,,
20,,一德期货,1469,,817,,
总计,,,,69972,,2918,,

名次,,会员简称,持买单量,增减,,
1,,中财期货,10633,,935,,
2,,华泰期货,3403,,75,,
3,,方正中期,3132,,278,,
4,,广发期货,2546,,27,,
5,,宁证期货,2434,,85,,
6,,徽商期货,2181,,-122,,
7,,永安期货,2145,,517,,
8,,长江期货,2046,,169,,
9,,浙商期货,1972,,52,,
10,,东海期货,1569,,521,,
11,,海通期货,1560,,-87,,
12,,国投安信,1460,,4,,
13,,东证期货,1397,,-21,,
14,,华安期货,1337,,-72,,
15,,中州期货,1279,,136,,
16,,中信建投,1273,,198,,
17,,银河期货,1261,,-6,,
18,,中信期货,1169,,-15,,
19,,中大期货,1120,,248,,
20,,国泰君安,1043,,6,,
总计,,,,44960,,2928,,

名次,,会员简称,持卖单量,增减,,
1,,永安期货,7030,,735,,
2,,东证期货,4431,,198,,
3,,五矿经易,4341,,-415,,
4,,海通期货,3860,,1906,,
5,,方正中期,3283,,174,,
6,,国泰君安,3104,,535,,
7,,中银国际,2477,,650,,
8,,中信期货,1933,,-10,,
9,,华闻期货,1895,,124,,
10,,华信期货,1869,,-719,,
11,,国联期货,1720,,-29,,
12,,南华期货,1676,,9,,
13,,浙商期货,1374,,-665,,
14,,中财期货,1374,,-145,,
15,,银河期货,1181,,-152,,
16,,国投安信,1158,,81,,
17,,一德期货,1098,,-1012,,
18,,华泰期货,1095,,-30,,
19,,国海良时,1071,,-469,,
20,,金瑞期货,1060,,-11,,
总计,,,,47030,,755,,



会员类别,总成交量,增减,,
期货公司会员,69972,,2918,,

会员类别,总持买单量,增减,,
期货公司会员,44960,,2928,,

会员类别,总持卖单量,增减,,
期货公司会员,47030,,755,,

,,,,,,,,大连商品交易所 成交量_买持仓_卖持仓排名,

合约代码：v2009,,Date：2019-11-19,

,,,期货公司会员,

名次,,会员简称,成交量,,增减,,
1,,中国国际,758,,-331,,
2,,中财期货,603,,586,,
3,,广州期货,360,,10,,
4,,东证期货,340,,-1612,,
5,,中大期货,304,,303,,
6,,长江期货,258,,6,,
7,,汇鑫期货,183,,153,,
8,,永安期货,140,,-2028,,
9,,宏源期货,138,,138,,
10,,中信建投,122,,-62,,
11,,迈科期货,100,,75,,
12,,国元期货,94,,-130,,
13,,中航期货,80,,65,,
14,,安粮期货,79,,23,,
15,,西南期货,73,,73,,
16,,海通期货,64,,-45,,
17,,大越期货,59,,-67,,
18,,南华期货,50,,-162,,
19,,方正中期,47,,-76,,
20,,国投安信,46,,-14,,
总计,,,,3898,,-3095,,

名次,,会员简称,持买单量,增减,,
1,,永安期货,6563,,53,,
2,,华泰期货,775,,1,,
3,,申银万国,733,,7,,
4,,方正中期,711,,-9,,
5,,中信建投,710,,120,,
6,,上海大陆,686,,0,,
7,,华金期货,510,,0,,
8,,中信期货,486,,21,,
9,,中财期货,384,,0,,
10,,长江期货,374,,171,,
11,,东海期货,353,,0,,
12,,迈科期货,327,,100,,
13,,东证期货,313,,52,,
14,,中大期货,304,,302,,
15,,信达期货,253,,10,,
16,,海通期货,248,,0,,
17,,中国国际,227,,201,,
18,,冠通期货,151,,0,,
19,,大地期货,148,,-18,,
20,,宏源期货,142,,84,,
总计,,,,14398,,1095,,

名次,,会员简称,持卖单量,增减,,
1,,中信期货,2877,,1,,
2,,东证期货,2425,,288,,
3,,华泰期货,2291,,0,,
4,,申银万国,1413,,0,,
5,,永安期货,1065,,-1,,
6,,中大期货,886,,0,,
7,,银河期货,700,,0,,
8,,宏源期货,670,,54,,
9,,中国国际,605,,149,,
10,,中财期货,602,,601,,
11,,方正中期,368,,16,,
12,,先融期货,339,,0,,
13,,南华期货,187,,50,,
14,,安粮期货,156,,10,,
15,,建信期货,138,,38,,
16,,国海良时,125,,0,,
17,,华安期货,110,,1,,
18,,中辉期货,103,,0,,
19,,中投期货,82,,0,,
20,,一德期货,81,,27,,
总计,,,,15223,,1234,,



会员类别,总成交量,增减,,
期货公司会员,3898,,-3095,,

会员类别,总持买单量,增减,,
期货公司会员,14398,,1095,,

会员类别,总持卖单量,增减,,
期货公司会员,15223,,1234,,

,,,,,,,,大连商品交易所 成交量_买持仓_卖持仓排名,

合约代码：v2005,,Date：2019-11-19,

,,,期货公司会员,

名次,,会员简称,成交量,,增减,,
1,,东证期货,7125,,-1406,,
2,,永安期货,2631,,-2246,,
3,,中大期货,1808,,809,,
4,,银河期货,1386,,1340,,
5,,中国国际,1208,,298,,
6,,申银万国,1068,,-2427,,
7,,华泰期货,973,,200,,
8,,海通期货,963,,-320,,
9,,光大期货,932,,-365,,
10,,中财期货,917,,522,,
11,,中辉期货,703,,-101,,
12,,中信期货,593,,139,,
13,,招商期货,562,,477,,
14,,建信期货,546,,522,,
15,,鲁证期货,544,,288,,
16,,美尔雅期货,505,,376,,
17,,新湖期货,485,,424,,
18,,方正中期,475,,-272,,
19,,长江期货,472,,235,,
20,,国投安信,467,,285,,
总计,,,,24363,,-1222,,

名次,,会员简称,持买单量,增减,,
1,,永安期货,12936,,1194,,
2,,中信期货,12483,,7,,
3,,东证期货,6115,,50,,
4,,国投安信,5445,,-1,,
5,,国信期货,4899,,27,,
6,,方正中期,2174,,91,,
7,,华泰期货,1941,,301,,
8,,国泰君安,1863,,152,,
9,,宏源期货,1497,,244,,
10,,瑞达期货,1213,,0,,
11,,长江期货,1178,,248,,
12,,海通期货,1140,,533,,
13,,东海期货,1045,,30,,
14,,浙商期货,977,,-9,,
15,,申银万国,923,,223,,
16,,金瑞期货,851,,311,,
17,,大地期货,848,,-44,,
18,,银河期货,795,,3,,
19,,大越期货,787,,44,,
20,,中大期货,696,,-214,,
总计,,,,59806,,3190,,

名次,,会员简称,持卖单量,增减,,
1,,东证期货,9384,,193,,
2,,中信建投,5254,,7,,
3,,信达期货,4994,,-10,,
4,,国泰君安,4994,,7,,
5,,中财期货,4883,,-368,,
6,,一德期货,4791,,25,,
7,,永安期货,4368,,325,,
8,,中银国际,2622,,0,,
9,,金瑞期货,2173,,-30,,
10,,银河期货,1929,,1297,,
11,,华泰期货,1905,,70,,
12,,中大期货,1644,,300,,
13,,中信期货,1627,,404,,
14,,上海中期,1602,,20,,
15,,中国国际,1448,,-5,,
16,,申银万国,1204,,-145,,
17,,国投安信,1114,,8,,
18,,鲁证期货,983,,230,,
19,,东海期货,925,,1,,
20,,新晟期货,883,,-2,,
总计,,,,58727,,2327,,



会员类别,总成交量,增减,,
期货公司会员,24363,,-1222,,

会员类别,总持买单量,增减,,
期货公司会员,59806,,3190,,

会员类别,总持卖单量,增减,,
期货公司会员,58727,,2327,,

,,,,,,,,大连商品交易所 成交量_买持仓_卖持仓排名,

合约代码：c2001,,Date：2019-11-19,

,,,期货公司会员,

名次,,会员简称,成交量,,增减,,
1,,东证期货,92614,,-46222,,
2,,国泰君安,58923,,-16873,,
3,,迈科期货,36930,,-26709,,
4,,安粮期货,33944,,-24276,,
5,,徽商期货,20137,,-13717,,
6,,中信期货,18203,,-23102,,
7,,广州金控,17779,,-87,,
8,,国富期货,13479,,2385,,
9,,光大期货,12929,,-9749,,
10,,兴证期货,10310,,-25657,,
11,,国投安信,10159,,-10267,,
12,,海通期货,9623,,-10881,,
13,,申银万国,9454,,-5052,,
14,,华泰期货,7716,,-1968,,
15,,浙商期货,7079,,-5866,,
16,,永安期货,6960,,-10299,,
17,,鲁证期货,6703,,2739,,
18,,中粮期货,5904,,-2872,,
19,,新湖期货,5779,,1179,,
20,,银河期货,5750,,-4477,,
总计,,,,390375,,-231771,

名次,,会员简称,持买单量,增减,,
1,,永安期货,56042,,2268,,
2,,国投安信,43854,,-266,,
3,,东证期货,38028,,62,,
4,,光大期货,31793,,-861,,
5,,金瑞期货,31682,,21,,
6,,鲁证期货,29735,,-923,,
7,,中信期货,24620,,-37,,
8,,国泰君安,19175,,354,,
9,,申银万国,18863,,-3715,,
10,,一德期货,14797,,79,,
11,,华泰期货,14248,,104,,
12,,平安期货,12041,,45,,
13,,南华期货,11923,,-2512,,
14,,方正中期,8892,,-319,,
15,,大有期货,7947,,62,,
16,,北京首创,7639,,-718,,
17,,中粮期货,6888,,219,,
18,,浙商期货,6867,,282,,
19,,徽商期货,6845,,670,,
20,,兴证期货,6806,,458,,
总计,,,,398685,,-4727,,

名次,,会员简称,持卖单量,增减,,
1,,中信期货,92481,,-630,,
2,,中粮期货,64317,,-2621,,
3,,金瑞期货,34833,,109,,
4,,永安期货,28371,,175,,
5,,五矿经易,27675,,-10,,
6,,光大期货,27275,,-1160,,
7,,国投安信,26718,,2183,,
8,,浙商期货,24245,,-951,,
9,,华泰期货,23861,,938,,
10,,东证期货,22211,,-7116,,
11,,中国国际,15987,,-69,,
12,,广发期货,15151,,-160,,
13,,银河期货,8964,,-62,,
14,,中金期货,8862,,66,,
15,,南华期货,8373,,484,,
16,,国泰君安,8189,,33,,
17,,鲁证期货,7137,,-252,,
18,,海通期货,6877,,328,,
19,,东兴期货,6710,,425,,
20,,东海期货,6632,,-1,,
总计,,,,464869,,-8291,,



会员类别,总成交量,增减,,
期货公司会员,390375,,-231771,

会员类别,总持买单量,增减,,
期货公司会员,398685,,-4727,,

会员类别,总持卖单量,增减,,
期货公司会员,464869,,-8291,,

,,,,,,,,大连商品交易所 成交量_买持仓_卖持仓排名,

合约代码：b2001,,Date：2019-11-19,

,,,期货公司会员,

名次,,会员简称,成交量,,增减,,
1,,东证期货,22051,,3106,,
2,,海通期货,8625,,-62,,
3,,方正中期,6183,,-1058,,
4,,南华期货,4395,,2634,,
5,,东吴期货,4286,,1698,,
6,,国富期货,4100,,-399,,
7,,弘业期货,3698,,-710,,
8,,国泰君安,3449,,515,,
9,,国投安信,3346,,359,,
10,,五矿经易,3263,,371,,
11,,中信期货,3030,,591,,
12,,申银万国,2214,,677,,
13,,永安期货,1990,,551,,
14,,中原期货,1880,,1371,,
15,,上海中期,1845,,1132,,
16,,华泰期货,1837,,-142,,
17,,国海良时,1772,,-930,,
18,,徽商期货,1202,,-102,,
19,,金瑞期货,1195,,395,,
20,,华闻期货,1194,,-4,,
总计,,,,81555,,9993,,

名次,,会员简称,持买单量,增减,,
1,,五矿经易,19490,,0,,
2,,南华期货,18227,,-98,,
3,,光大期货,16462,,-137,,
4,,弘业期货,14335,,84,,
5,,上海中期,13627,,796,,
6,,东吴期货,12836,,-840,,
7,,方正中期,11234,,-38,,
8,,中原期货,9573,,161,,
9,,申银万国,8921,,321,,
10,,国投安信,7563,,-742,,
11,,海通期货,6487,,396,,
12,,国海良时,5955,,14,,
13,,渤海期货,3162,,-16,,
14,,金瑞期货,2521,,343,,
15,,永安期货,2520,,47,,
16,,东证期货,1178,,15,,
17,,中信期货,914,,222,,
18,,美尔雅期货,712,,-16,,
19,,银河期货,637,,230,,
20,,华泰期货,581,,142,,
总计,,,,156935,,884,,

名次,,会员简称,持卖单量,增减,,
1,,五矿经易,19143,,17,,
2,,南华期货,17665,,821,,
3,,光大期货,16404,,-155,,
4,,上海中期,14447,,737,,
5,,弘业期货,14283,,30,,
6,,东吴期货,12095,,-1654,,
7,,方正中期,11428,,-69,,
8,,中原期货,9643,,141,,
9,,申银万国,8985,,463,,
10,,国投安信,7909,,-754,,
11,,海通期货,6292,,-25,,
12,,国海良时,5897,,2,,
13,,渤海期货,3183,,2,,
14,,永安期货,2927,,263,,
15,,金瑞期货,2191,,-198,,
16,,东证期货,2067,,428,,
17,,中信期货,1638,,46,,
18,,宏源期货,741,,1,,
19,,兴证期货,512,,59,,
20,,瑞达期货,428,,419,,
总计,,,,157878,,574,,



会员类别,总成交量,增减,,
期货公司会员,81555,,9993,,

会员类别,总持买单量,增减,,
期货公司会员,156935,,884,,

会员类别,总持卖单量,增减,,
期货公司会员,157878,,574,,

,,,,,,,,大连商品交易所 成交量_买持仓_卖持仓排名,

合约代码：pp2009,,Date：2019-11-19,

,,,期货公司会员,

名次,,会员简称,成交量,,增减,,
1,,中信期货,626,,-376,,
2,,中大期货,430,,422,,
3,,弘业期货,422,,404,,
4,,东证期货,316,,109,,
5,,上海大陆,291,,-97,,
6,,永安期货,238,,110,,
7,,国投安信,220,,149,,
8,,华安期货,191,,129,,
9,,国信期货,170,,97,,
10,,方正中期,169,,120,,
11,,华金期货,153,,-7,,
12,,平安期货,112,,92,,
13,,国贸期货,111,,-12,,
14,,国泰君安,109,,85,,
15,,信达期货,96,,21,,
16,,东吴期货,75,,-70,,
17,,盛达期货,73,,55,,
18,,徽商期货,67,,47,,
19,,申银万国,66,,66,,
20,,海证期货,62,,41,,
总计,,,,3997,,1385,,

名次,,会员简称,持买单量,增减,,
1,,大越期货,1969,,2,,
2,,永安期货,1818,,96,,
3,,华泰期货,1402,,3,,
4,,东吴期货,1082,,0,,
5,,浙商期货,818,,5,,
6,,国泰君安,664,,108,,
7,,银河期货,645,,-1,,
8,,中大期货,553,,430,,
9,,弘业期货,538,,412,,
10,,中信期货,503,,26,,
11,,中国国际,490,,22,,
12,,海通期货,477,,9,,
13,,华金期货,475,,-30,,
14,,上海大陆,385,,0,,
15,,鲁证期货,384,,1,,
16,,方正中期,333,,21,,
17,,新纪元期货,303,,0,,
18,,南华期货,293,,-6,,
19,,国投安信,285,,1,,
20,,广发期货,268,,27,,
总计,,,,13685,,1126,,

名次,,会员简称,持卖单量,增减,,
1,,中信期货,3044,,600,,
2,,永安期货,1728,,-74,,
3,,东海期货,1160,,0,,
4,,东吴期货,1081,,-1,,
5,,国投安信,1021,,-39,,
6,,华泰期货,964,,-2,,
7,,国富期货,803,,9,,
8,,华安期货,525,,86,,
9,,华金期货,508,,-57,,
10,,国贸期货,447,,111,,
11,,信达期货,419,,95,,
12,,东证期货,405,,274,,
13,,迈科期货,333,,-11,,
14,,平安期货,311,,110,,
15,,建信期货,306,,14,,
16,,海证期货,266,,-21,,
17,,恒泰期货,245,,6,,
18,,徽商期货,240,,21,,
19,,中信建投,217,,18,,
20,,安粮期货,216,,6,,
总计,,,,14239,,1145,,



会员类别,总成交量,增减,,
期货公司会员,3997,,1385,,

会员类别,总持买单量,增减,,
期货公司会员,13685,,1126,,

会员类别,总持卖单量,增减,,
期货公司会员,14239,,1145,,

,,,,,,,,大连商品交易所 成交量_买持仓_卖持仓排名,

合约代码：jm2005,,Date：2019-11-19,

,,,期货公司会员,

名次,,会员简称,成交量,,增减,,
1,,东证期货,1420,,516,,
2,,华泰期货,1407,,725,,
3,,永安期货,1310,,966,,
4,,国富期货,1257,,407,,
5,,银河期货,948,,632,,
6,,光大期货,821,,-29,,
7,,北京首创,797,,703,,
8,,方正中期,715,,460,,
9,,申银万国,652,,161,,
10,,安粮期货,517,,97,,
11,,宏源期货,496,,226,,
12,,海通期货,476,,69,,
13,,五矿经易,470,,234,,
14,,长江期货,460,,139,,
15,,中信期货,414,,245,,
16,,国信期货,407,,-61,,
17,,徽商期货,375,,203,,
18,,东海期货,368,,292,,
19,,华安期货,358,,180,,
20,,浙商期货,332,,75,,
总计,,,,14000,,6240,,

名次,,会员简称,持买单量,增减,,
1,,银河期货,2066,,59,,
2,,格林大华,1731,,5,,
3,,华泰期货,1486,,-251,,
4,,国投安信,1240,,10,,
5,,国泰君安,993,,63,,
6,,英大期货,786,,3,,
7,,申银万国,761,,83,,
8,,永安期货,726,,120,,
9,,兴证期货,639,,101,,
10,,宝城期货,613,,109,,
11,,长江期货,570,,-4,,
12,,招商期货,567,,33,,
13,,浙商期货,561,,-18,,
14,,东海期货,544,,72,,
15,,东证期货,474,,92,,
16,,国富期货,463,,280,,
17,,冠通期货,446,,-66,,
18,,宏源期货,434,,175,,
19,,东航期货,425,,17,,
20,,东吴期货,420,,-6,,
总计,,,,15945,,877,,

名次,,会员简称,持卖单量,增减,,
1,,永安期货,4018,,688,,
2,,银河期货,1902,,-249,,
3,,中国国际,996,,14,,
4,,北京首创,963,,-657,,
5,,国泰君安,852,,-3,,
6,,长江期货,763,,194,,
7,,东海期货,718,,-80,,
8,,中信期货,642,,-29,,
9,,东证期货,594,,40,,
10,,华泰期货,573,,12,,
11,,东航期货,544,,-3,,
12,,先锋期货,513,,-1,,
13,,宏源期货,512,,-11,,
14,,中辉期货,491,,-25,,
15,,中信建投,483,,90,,
16,,兴业期货,471,,106,,
17,,国富期货,459,,237,,
18,,中钢期货,433,,-48,,
19,,申银万国,422,,127,,
20,,东吴期货,419,,-15,,
总计,,,,16768,,387,,



会员类别,总成交量,增减,,
期货公司会员,14000,,6240,,

会员类别,总持买单量,增减,,
期货公司会员,15945,,877,,

会员类别,总持卖单量,增减,,
期货公司会员,16768,,387,,

,,,,,,,,大连商品交易所 成交量_买持仓_卖持仓排名,

合约代码：jd2001,,Date：2019-11-19,

,,,期货公司会员,

名次,,会员简称,成交量,,增减,,
1,,东证期货,38009,,-4956,,
2,,中信期货,11483,,-2799,,
3,,徽商期货,8257,,-4623,,
4,,海通期货,8226,,-2031,,
5,,方正中期,8009,,-3832,,
6,,宏源期货,6603,,-987,,
7,,国泰君安,5911,,-2843,,
8,,东方财富,5506,,-886,,
9,,华安期货,4647,,-4384,,
10,,永安期货,4584,,-952,,
11,,银河期货,4099,,-3059,,
12,,金瑞期货,3936,,840,,
13,,华泰期货,3901,,-3218,,
14,,广发期货,3889,,-368,,
15,,兴证期货,3786,,334,,
16,,中信建投,3724,,-2859,,
17,,申银万国,3690,,-4523,,
18,,南华期货,3651,,-181,,
19,,新纪元期货,3627,,788,,
20,,国富期货,3555,,-835,,
总计,,,,139093,,-41374,,

名次,,会员简称,持买单量,增减,,
1,,中信期货,3912,,11,,
2,,国泰君安,3173,,-47,,
3,,永安期货,3010,,-606,,
4,,长江期货,2819,,177,,
5,,徽商期货,2678,,33,,
6,,东证期货,2664,,-179,,
7,,华泰期货,2512,,-374,,
8,,中信建投,2428,,60,,
9,,银河期货,2376,,-106,,
10,,宏源期货,2330,,250,,
11,,广发期货,2319,,114,,
12,,方正中期,2172,,-226,,
13,,申银万国,1872,,-79,,
14,,鲁证期货,1815,,138,,
15,,兴证期货,1702,,-713,,
16,,海通期货,1693,,-1654,,
17,,华安期货,1517,,-185,,
18,,浙商期货,1441,,19,,
19,,光大期货,1438,,60,,
20,,招金期货,1402,,636,,
总计,,,,45273,,-2671,,

名次,,会员简称,持卖单量,增减,,
1,,永安期货,4834,,824,,
2,,东证期货,2710,,-40,,
3,,方正中期,2631,,-105,,
4,,中信期货,2589,,-128,,
5,,徽商期货,2584,,-792,,
6,,中国国际,2438,,-335,,
7,,兴证期货,2288,,-187,,
8,,中信建投,2159,,36,,
9,,海通期货,2018,,-106,,
10,,东方财富,1921,,-460,,
11,,宏源期货,1913,,-505,,
12,,银河期货,1894,,-333,,
13,,华泰期货,1888,,-91,,
14,,汇鑫期货,1810,,576,,
15,,鲁证期货,1783,,-4,,
16,,美尔雅期货,1754,,161,,
17,,英大期货,1704,,276,,
18,,格林大华,1668,,-354,,
19,,国泰君安,1658,,98,,
20,,华安期货,1624,,-86,,
总计,,,,43868,,-1555,,



会员类别,总成交量,增减,,
期货公司会员,139093,,-41374,,

会员类别,总持买单量,增减,,
期货公司会员,45273,,-2671,,

会员类别,总持卖单量,增减,,
期货公司会员,43868,,-1555,,

,,,,,,,,大连商品交易所 成交量_买持仓_卖持仓排名,

合约代码：a2001,,Date：2019-11-19,

,,,期货公司会员,

名次,,会员简称,成交量,,增减,,
1,,东证期货,21056,,3641,,
2,,一德期货,13232,,1029,,
3,,海通期货,10981,,545,,
4,,国泰君安,8511,,193,,
5,,中信期货,8127,,2052,,
6,,华安期货,5811,,1589,,
7,,申银万国,5028,,2605,,
8,,兴证期货,4685,,1212,,
9,,国富期货,4377,,1174,,
10,,东吴期货,4062,,1747,,
11,,方正中期,3679,,635,,
12,,华泰期货,3603,,228,,
13,,国信期货,3478,,2027,,
14,,徽商期货,2718,,170,,
15,,银河期货,2493,,-383,,
16,,永安期货,2353,,1243,,
17,,鲁证期货,2044,,-259,,
18,,金瑞期货,1833,,-240,,
19,,摩根大通,1626,,1626,,
20,,国投安信,1582,,-706,,
总计,,,,111279,,20128,,

名次,,会员简称,持买单量,增减,,
1,,国泰君安,5420,,117,,
2,,华安期货,3441,,-256,,
3,,徽商期货,3054,,-66,,
4,,国投安信,2977,,0,,
5,,鲁证期货,2250,,-279,,
6,,东吴期货,2231,,1745,,
7,,永安期货,2172,,-389,,
8,,南华期货,1968,,41,,
9,,中粮期货,1847,,9,,
10,,方正中期,1745,,-24,,
11,,东证期货,1671,,182,,
12,,上海中期,1387,,12,,
13,,中信期货,1323,,-365,,
14,,海通期货,1309,,-160,,
15,,华泰期货,1224,,-91,,
16,,中国国际,1200,,53,,
17,,银河期货,1092,,-206,,
18,,兴证期货,1075,,-396,,
19,,国信期货,1065,,500,,
20,,宝城期货,1026,,-138,,
总计,,,,39477,,289,,

名次,,会员简称,持卖单量,增减,,
1,,中信期货,7737,,246,,
2,,国投安信,4360,,-148,,
3,,华泰期货,3988,,-598,,
4,,兴证期货,3000,,379,,
5,,国泰君安,2811,,120,,
6,,永安期货,2415,,92,,
7,,东证期货,2116,,14,,
8,,宏源期货,1913,,103,,
9,,方正中期,1853,,-21,,
10,,摩根大通,1768,,-1626,,
11,,海通期货,1589,,-427,,
12,,广发期货,1418,,6,,
13,,南华期货,1362,,-20,,
14,,中粮期货,1285,,-6,,
15,,国信期货,1234,,-222,,
16,,东兴期货,1225,,0,,
17,,国海良时,1064,,-742,,
18,,鲁证期货,1049,,-21,,
19,,中金期货,1027,,-147,,
20,,广州期货,1006,,70,,
总计,,,,44220,,-2948,,



会员类别,总成交量,增减,,
期货公司会员,111279,,20128,,

会员类别,总持买单量,增减,,
期货公司会员,39477,,289,,

会员类别,总持卖单量,增减,,
期货公司会员,44220,,-2948,,

,,,,,,,,大连商品交易所 成交量_买持仓_卖持仓排名,

合约代码：p2005,,Date：2019-11-19,

,,,期货公司会员,

名次,,会员简称,成交量,,增减,,
1,,东证期货,103326,,22159,,
2,,光大期货,56109,,12542,,
3,,华泰期货,28021,,11403,,
4,,新湖期货,19047,,968,,
5,,国泰君安,17453,,-5149,,
6,,广发期货,17356,,6616,,
7,,海通期货,16256,,8238,,
8,,国元期货,15927,,1480,,
9,,徽商期货,15385,,4993,,
10,,华安期货,15365,,1802,,
11,,申银万国,15042,,1626,,
12,,招商期货,13482,,714,,
13,,永安期货,13224,,3566,,
14,,银河期货,12387,,4531,,
15,,浙商期货,12087,,1522,,
16,,中信期货,11348,,4094,,
17,,安粮期货,10719,,3774,,
18,,国投安信,9965,,1877,,
19,,国富期货,9492,,4388,,
20,,中信建投,9483,,4245,,
总计,,,,421474,,95389,,

名次,,会员简称,持买单量,增减,,
1,,国投安信,30890,,-2479,,
2,,中国国际,19649,,-689,,
3,,东证期货,18976,,1201,,
4,,永安期货,17496,,4750,,
5,,银河期货,15441,,7622,,
6,,安粮期货,10331,,-335,,
7,,一德期货,8982,,-1147,,
8,,广发期货,8926,,1126,,
9,,海通期货,8686,,2795,,
10,,申银万国,8670,,2185,,
11,,中粮期货,7186,,2325,,
12,,南华期货,6585,,2847,,
13,,鲁证期货,6006,,-172,,
14,,美尔雅期货,4730,,270,,
15,,光大期货,4421,,1910,,
16,,中信期货,4333,,-323,,
17,,平安期货,4102,,118,,
18,,格林大华,3989,,-351,,
19,,方正中期,3699,,637,,
20,,华泰期货,3570,,623,,
总计,,,,196668,,22913,,

名次,,会员简称,持卖单量,增减,,
1,,中粮期货,26648,,-2182,,
2,,广发期货,17950,,5786,,
3,,国投安信,14238,,1350,,
4,,华泰期货,12932,,6322,,
5,,东证期货,12245,,1267,,
6,,银河期货,12060,,413,,
7,,永安期货,9925,,196,,
8,,徽商期货,9261,,171,,
9,,国富期货,8833,,275,,
10,,申银万国,7750,,39,,
11,,北京首创,7535,,26,,
12,,首创京都,7014,,-1,,
13,,中信期货,6583,,-2621,,
14,,鲁证期货,6103,,135,,
15,,摩根大通,5619,,0,,
16,,中航期货,5102,,604,,
17,,英大期货,4892,,-7,,
18,,德盛期货,4858,,1997,,
19,,渤海期货,4566,,992,,
20,,一德期货,4119,,702,,
总计,,,,188233,,15464,,



会员类别,总成交量,增减,,
期货公司会员,421474,,95389,,

会员类别,总持买单量,增减,,
期货公司会员,196668,,22913,,

会员类别,总持卖单量,增减,,
期货公司会员,188233,,15464,,

,,,,,,,,大连商品交易所 成交量_买持仓_卖持仓排名,

合约代码：m2003,,Date：2019-11-19,

,,,期货公司会员,

名次,,会员简称,成交量,,增减,,
1,,方正中期,18680,,1200,,
2,,中粮期货,6347,,1667,,
3,,国海良时,6097,,2338,,
4,,海通期货,5929,,-1215,,
5,,弘业期货,5225,,1482,,
6,,格林大华,4734,,1568,,
7,,鲁证期货,4186,,264,,
8,,东证期货,4034,,1260,,
9,,国投安信,3114,,-410,,
10,,迈科期货,2233,,1326,,
11,,银河期货,2102,,-78,,
12,,西部期货,1423,,-859,,
13,,南华期货,1388,,-2801,,
14,,锦泰期货,1376,,114,,
15,,光大期货,1372,,-509,,
16,,中信期货,1325,,1015,,
17,,国信期货,1071,,58,,
18,,美尔雅期货,1065,,120,,
19,,国泰君安,668,,-57,,
20,,新湖期货,583,,-202,,
总计,,,,72952,,6281,,

名次,,会员简称,持买单量,增减,,
1,,中粮期货,27535,,2613,,
2,,申银万国,19361,,-37,,
3,,南华期货,18407,,132,,
4,,上海中期,17025,,7,,
5,,浙商期货,16072,,-13,,
6,,格林大华,15058,,-1100,,
7,,弘业期货,13691,,-191,,
8,,方正中期,13312,,2626,,
9,,银河期货,12511,,1028,,
10,,国海良时,11583,,-1,,
11,,鲁证期货,11290,,159,,
12,,新湖期货,10489,,-28,,
13,,国投安信,10206,,-91,,
14,,海通期货,9076,,-9,,
15,,迈科期货,2221,,-4,,
16,,中信期货,1402,,1209,,
17,,五矿经易,1105,,0,,
18,,金瑞期货,666,,-3,,
19,,中财期货,485,,-32,,
20,,中辉期货,398,,-98,,
总计,,,,211893,,6167,,

名次,,会员简称,持卖单量,增减,,
1,,中粮期货,27072,,1900,,
2,,申银万国,19202,,-24,,
3,,南华期货,18883,,132,,
4,,上海中期,17016,,3,,
5,,浙商期货,16259,,-1,,
6,,格林大华,14913,,-1094,,
7,,方正中期,14541,,2638,,
8,,弘业期货,13662,,-100,,
9,,银河期货,12630,,1042,,
10,,新湖期货,11854,,375,,
11,,国海良时,11495,,0,,
12,,鲁证期货,11420,,147,,
13,,国投安信,10917,,105,,
14,,海通期货,9003,,0,,
15,,迈科期货,2162,,-1,,
16,,国贸期货,533,,4,,
17,,摩根大通,500,,0,,
18,,华泰期货,470,,177,,
19,,一德期货,405,,0,,
20,,广发期货,338,,33,,
总计,,,,213275,,5336,,



会员类别,总成交量,增减,,
期货公司会员,72952,,6281,,

会员类别,总持买单量,增减,,
期货公司会员,211893,,6167,,

会员类别,总持卖单量,增减,,
期货公司会员,213275,,5336,,

,,,,,,,,大连商品交易所 成交量_买持仓_卖持仓排名,

合约代码：jd2009,,Date：2019-11-19,

,,,期货公司会员,

名次,,会员简称,成交量,,增减,,
1,,方正中期,291,,-760,,
2,,华泰期货,253,,17,,
3,,北京首创,193,,-33,,
4,,宏源期货,186,,-41,,
5,,浙商期货,176,,-210,,
6,,徽商期货,166,,-403,,
7,,华安期货,152,,-175,,
8,,中财期货,150,,-102,,
9,,东海期货,137,,-236,,
10,,中信期货,130,,39,,
11,,先锋期货,130,,-142,,
12,,中投期货,128,,-256,,
13,,中衍期货,111,,-16,,
14,,西部期货,109,,37,,
15,,广发期货,98,,-13,,
16,,鲁证期货,81,,-6,,
17,,东航期货,80,,-61,,
18,,海通期货,68,,-71,,
19,,长江期货,65,,-31,,
20,,银河期货,61,,3,,
总计,,,,2765,,-2460,,

名次,,会员简称,持买单量,增减,,
1,,中财期货,1275,,116,,
2,,北京首创,926,,179,,
3,,华闻期货,870,,10,,
4,,方正中期,660,,0,,
5,,中辉期货,653,,20,,
6,,中衍期货,615,,100,,
7,,上海中期,606,,0,,
8,,九州期货,562,,0,,
9,,中投期货,542,,0,,
10,,海证期货,485,,0,,
11,,永安期货,485,,6,,
12,,宏源期货,358,,2,,
13,,上海大陆,299,,2,,
14,,申银万国,291,,-13,,
15,,东航期货,284,,-2,,
16,,长江期货,260,,-3,,
17,,中信期货,254,,3,,
18,,东证期货,254,,-6,,
19,,华安期货,240,,-23,,
20,,盛达期货,233,,1,,
总计,,,,10152,,392,,

名次,,会员简称,持卖单量,增减,,
1,,中国国际,1264,,4,,
2,,鲁证期货,743,,25,,
3,,格林大华,697,,0,,
4,,英大期货,578,,1,,
5,,银河期货,467,,11,,
6,,徽商期货,440,,-13,,
7,,中信建投,425,,31,,
8,,永安期货,420,,16,,
9,,华泰期货,405,,31,,
10,,信达期货,325,,19,,
11,,东航期货,325,,20,,
12,,宏源期货,317,,-40,,
13,,长江期货,307,,16,,
14,,招金期货,292,,0,,
15,,弘业期货,280,,3,,
16,,汇鑫期货,260,,0,,
17,,先锋期货,255,,-51,,
18,,中银国际,242,,29,,
19,,华安期货,239,,-47,,
20,,华信期货,235,,3,,
总计,,,,8516,,58,,



会员类别,总成交量,增减,,
期货公司会员,2765,,-2460,,

会员类别,总持买单量,增减,,
期货公司会员,10152,,392,,

会员类别,总持卖单量,增减,,
期货公司会员,8516,,58,,

,,,,,,,,大连商品交易所 成交量_买持仓_卖持仓排名,

合约代码：pp2005,,Date：2019-11-19,

,,,期货公司会员,

名次,,会员简称,成交量,,增减,,
1,,东证期货,21079,,4949,,
2,,永安期货,7640,,5476,,
3,,海通期货,4457,,985,,
4,,华泰期货,4187,,2120,,
5,,华安期货,3295,,138,,
6,,建信期货,3203,,1959,,
7,,东海期货,2987,,-1263,,
8,,徽商期货,2749,,821,,
9,,南华期货,2639,,-851,,
10,,广发期货,2538,,1903,,
11,,方正中期,2510,,714,,
12,,中大期货,2343,,1353,,
13,,光大期货,2271,,750,,
14,,申银万国,2241,,1283,,
15,,弘业期货,2200,,1107,,
16,,国投安信,2066,,-151,,
17,,中信期货,2060,,-274,,
18,,浙商期货,1972,,1371,,
19,,上海大陆,1965,,-32,,
20,,华闻期货,1923,,1405,,
总计,,,,76325,,23763,,

名次,,会员简称,持买单量,增减,,
1,,方正中期,14269,,127,,
2,,国投安信,10949,,29,,
3,,南华期货,10173,,1116,,
4,,建信期货,9857,,2215,,
5,,国泰君安,9335,,185,,
6,,申银万国,7720,,1208,,
7,,永安期货,6810,,250,,
8,,中信期货,6788,,820,,
9,,瑞达期货,5861,,228,,
10,,华泰期货,4726,,3,,
11,,广发期货,3553,,1628,,
12,,中财期货,3466,,253,,
13,,中信建投,3369,,360,,
14,,中大期货,3016,,660,,
15,,东海期货,2817,,8,,
16,,中粮期货,2644,,38,,
17,,银河期货,2589,,426,,
18,,新湖期货,2474,,50,,
19,,鲁证期货,2311,,56,,
20,,东证期货,2297,,294,,
总计,,,,115024,,9954,,

名次,,会员简称,持卖单量,增减,,
1,,永安期货,19397,,6848,,
2,,浙商期货,7257,,1566,,
3,,华泰期货,6477,,472,,
4,,中银国际,5816,,-750,,
5,,海证期货,5118,,559,,
6,,方正中期,4923,,1183,,
7,,东证期货,4804,,453,,
8,,倍特期货,4635,,11,,
9,,中财期货,4634,,150,,
10,,国投安信,3952,,-83,,
11,,山西三立,3746,,39,,
12,,海通期货,3643,,125,,
13,,安粮期货,3573,,146,,
14,,浙江新世纪,3365,,-340,,
15,,银河期货,3325,,16,,
16,,一德期货,2882,,-316,,
17,,天风期货,2879,,72,,
18,,信达期货,2618,,5,,
19,,国信期货,2555,,292,,
20,,东海期货,2351,,77,,
总计,,,,97950,,10525,,



会员类别,总成交量,增减,,
期货公司会员,76325,,23763,,

会员类别,总持买单量,增减,,
期货公司会员,115024,,9954,,

会员类别,总持卖单量,增减,,
期货公司会员,97950,,10525,,

,,,,,,,,大连商品交易所 成交量_买持仓_卖持仓排名,

合约代码：i2005,,Date：2019-11-19,

,,,期货公司会员,

名次,,会员简称,成交量,,增减,,
1,,东证期货,27967,,-4896,,
2,,光大期货,25390,,-1577,,
3,,永安期货,12168,,-5033,,
4,,方正中期,10254,,-2039,,
5,,申银万国,8350,,982,,
6,,中信期货,6481,,-702,,
7,,国信期货,6398,,2919,,
8,,海通期货,5218,,-5801,,
9,,中财期货,5168,,376,,
10,,国富期货,4775,,432,,
11,,鲁证期货,4558,,2893,,
12,,银河期货,4168,,-3008,,
13,,国泰君安,4018,,-1765,,
14,,东吴期货,3895,,-441,,
15,,兴证期货,3557,,2786,,
16,,新湖期货,3459,,-1429,,
17,,华泰期货,3312,,-384,,
18,,华安期货,3043,,-50,,
19,,徽商期货,3041,,-1444,,
20,,国投安信,2467,,-336,,
总计,,,,147687,,-18517,,

名次,,会员简称,持买单量,增减,,
1,,方正中期,11530,,2371,,
2,,国投安信,11509,,284,,
3,,永安期货,11030,,-3712,,
4,,银河期货,10949,,102,,
5,,东证期货,10209,,-206,,
6,,国泰君安,9084,,190,,
7,,申银万国,9075,,1273,,
8,,徽商期货,6703,,916,,
9,,中粮期货,6509,,-9,,
10,,西南期货,5265,,-9,,
11,,海证期货,5122,,124,,
12,,中辉期货,4937,,86,,
13,,中信建投,4817,,-49,,
14,,广发期货,4751,,43,,
15,,中信期货,4546,,-230,,
16,,宝城期货,4324,,-56,,
17,,国富期货,4139,,215,,
18,,兴证期货,4011,,-2721,,
19,,一德期货,3967,,143,,
20,,国信期货,3720,,-10,,
总计,,,,136197,,-1255,,

名次,,会员简称,持卖单量,增减,,
1,,永安期货,14323,,-134,,
2,,中信期货,12483,,-427,,
3,,银河期货,12414,,-376,,
4,,国投安信,10072,,-547,,
5,,东证期货,10006,,-19,,
6,,方正中期,8248,,-1941,,
7,,国联期货,7418,,-23,,
8,,鲁证期货,6669,,-1062,,
9,,一德期货,6267,,-764,,
10,,徽商期货,5975,,75,,
11,,北京金鹏,5750,,10,,
12,,中财期货,5018,,1816,,
13,,广发期货,4865,,13,,
14,,道通期货,4552,,0,,
15,,中信建投,4457,,10,,
16,,天风期货,4372,,478,,
17,,国泰君安,4324,,490,,
18,,华泰期货,4242,,51,,
19,,申银万国,3917,,473,,
20,,中辉期货,3789,,38,,
总计,,,,139161,,-1839,,



会员类别,总成交量,增减,,
期货公司会员,147687,,-18517,,

会员类别,总持买单量,增减,,
期货公司会员,136197,,-1255,,

会员类别,总持卖单量,增减,,
期货公司会员,139161,,-1839,,

,,,,,,,,大连商品交易所 成交量_买持仓_卖持仓排名,

合约代码：j2005,,Date：2019-11-19,

,,,期货公司会员,

名次,,会员简称,成交量,,增减,,
1,,东证期货,10805,,1592,,
2,,光大期货,5063,,-327,,
3,,国富期货,3595,,511,,
4,,华泰期货,2815,,796,,
5,,银河期货,2425,,943,,
6,,海通期货,2404,,276,,
7,,永安期货,2281,,-73,,
8,,一德期货,2065,,511,,
9,,安粮期货,1935,,877,,
10,,国泰君安,1860,,-2504,,
11,,方正中期,1638,,-386,,
12,,东海期货,1452,,585,,
13,,华安期货,1386,,215,,
14,,弘业期货,1344,,448,,
15,,中信期货,1232,,233,,
16,,中辉期货,1165,,268,,
17,,徽商期货,1091,,-204,,
18,,金瑞期货,1073,,350,,
19,,国投安信,1056,,107,,
20,,申银万国,978,,-2151,,
总计,,,,47663,,2067,,

名次,,会员简称,持买单量,增减,,
1,,光大期货,3989,,104,,
2,,一德期货,2758,,1140,,
3,,东证期货,2681,,-1819,,
4,,方正中期,2470,,-72,,
5,,华泰期货,1700,,228,,
6,,银河期货,1436,,102,,
7,,西南期货,1203,,-5,,
8,,国富期货,1157,,54,,
9,,国泰君安,1154,,-125,,
10,,永安期货,1039,,11,,
11,,中信期货,1013,,111,,
12,,申银万国,834,,-60,,
13,,中大期货,830,,-1,,
14,,中财期货,686,,-78,,
15,,平安期货,673,,59,,
16,,海通期货,664,,8,,
17,,广发期货,615,,38,,
18,,兴业期货,611,,23,,
19,,东海期货,603,,33,,
20,,大地期货,565,,122,,
总计,,,,26681,,-127,,

名次,,会员简称,持卖单量,增减,,
1,,光大期货,5004,,-223,,
2,,国泰君安,4215,,805,,
3,,永安期货,3387,,-16,,
4,,申银万国,2718,,-164,,
5,,金元期货,2015,,802,,
6,,五矿经易,1918,,18,,
7,,东证期货,1883,,-1944,,
8,,方正中期,1539,,244,,
9,,国富期货,1201,,13,,
10,,一德期货,1150,,175,,
11,,银河期货,1099,,315,,
12,,华泰期货,1050,,67,,
13,,英大期货,1042,,173,,
14,,浙商期货,919,,149,,
15,,东方汇金,746,,-100,,
16,,海通期货,686,,112,,
17,,国投安信,628,,123,,
18,,宏源期货,612,,132,,
19,,中信建投,594,,64,,
20,,安粮期货,571,,36,,
总计,,,,32977,,781,,



会员类别,总成交量,增减,,
期货公司会员,47663,,2067,,

会员类别,总持买单量,增减,,
期货公司会员,26681,,-127,,

会员类别,总持卖单量,增减,,
期货公司会员,32977,,781,,

,,,,,,,,大连商品交易所 成交量_买持仓_卖持仓排名,

合约代码：jm2001,,Date：2019-11-19,

,,,期货公司会员,

名次,,会员简称,成交量,,增减,,
1,,东证期货,28872,,6976,,
2,,国富期货,26239,,6139,,
3,,光大期货,12901,,3529,,
4,,中信期货,10963,,5658,,
5,,兴证期货,9810,,4479,,
6,,国泰君安,9253,,922,,
7,,海通期货,8707,,1325,,
8,,永安期货,8275,,4780,,
9,,中辉期货,7864,,508,,
10,,华泰期货,6765,,2295,,
11,,徽商期货,6649,,3136,,
12,,国联期货,5508,,1614,,
13,,方正中期,5298,,2058,,
14,,广发期货,5274,,1332,,
15,,申银万国,5196,,1388,,
16,,冠通期货,3863,,2372,,
17,,银河期货,3826,,1925,,
18,,国投安信,3816,,2361,,
19,,新纪元期货,3390,,1557,,
20,,安粮期货,3278,,2063,,
总计,,,,175747,,56417,,

名次,,会员简称,持买单量,增减,,
1,,东证期货,11809,,2309,,
2,,国富期货,8572,,1944,,
3,,中信期货,7118,,2221,,
4,,永安期货,4617,,-36,,
5,,先融期货,4318,,-469,,
6,,中粮期货,4158,,42,,
7,,海通期货,3135,,1709,,
8,,兴证期货,2859,,647,,
9,,国泰君安,2781,,129,,
10,,光大期货,2624,,-439,,
11,,中辉期货,2498,,819,,
12,,方正中期,2392,,18,,
13,,银河期货,2322,,-547,,
14,,一德期货,2253,,-716,,
15,,国投安信,2009,,-241,,
16,,英大期货,1860,,16,,
17,,广发期货,1727,,-172,,
18,,华泰期货,1715,,254,,
19,,深圳金汇,1563,,-130,,
20,,申银万国,1514,,-948,,
总计,,,,71844,,6410,,

名次,,会员简称,持卖单量,增减,,
1,,东证期货,10212,,1031,,
2,,中信期货,7931,,-344,,
3,,国富期货,7099,,1015,,
4,,永安期货,5895,,3223,,
5,,兴证期货,4851,,-121,,
6,,国泰君安,4532,,-718,,
7,,国联期货,3644,,3051,,
8,,华泰期货,3252,,-2317,,
9,,银河期货,2904,,-855,,
10,,海通期货,2883,,1052,,
11,,摩根大通,2836,,-180,,
12,,光大期货,2737,,-2440,,
13,,申银万国,2600,,92,,
14,,冠通期货,2522,,2297,,
15,,方正中期,2057,,-344,,
16,,中粮期货,2004,,839,,
17,,中辉期货,1973,,65,,
18,,中信建投,1751,,67,,
19,,五矿经易,1725,,101,,
20,,广发期货,1608,,88,,
总计,,,,75016,,5602,,



会员类别,总成交量,增减,,
期货公司会员,175747,,56417,,

会员类别,总持买单量,增减,,
期货公司会员,71844,,6410,,

会员类别,总持卖单量,增减,,
期货公司会员,75016,,5602,,

,,,,,,,,大连商品交易所 成交量_买持仓_卖持仓排名,

合约代码：y2009,,Date：2019-11-19,

,,,期货公司会员,

名次,,会员简称,成交量,,增减,,
1,,一德期货,3069,,2117,,
2,,国泰君安,1889,,972,,
3,,方正中期,1703,,771,,
4,,中粮期货,1693,,1111,,
5,,国投安信,1425,,-262,,
6,,英大期货,1204,,1201,,
7,,宏源期货,898,,-329,,
8,,东证期货,874,,676,,
9,,中财期货,874,,671,,
10,,招金期货,691,,72,,
11,,国元期货,531,,-859,,
12,,国富期货,520,,-185,,
13,,海通期货,515,,394,,
14,,国金期货,465,,41,,
15,,光大期货,436,,382,,
16,,申银万国,424,,-293,,
17,,华安期货,352,,111,,
18,,银河期货,343,,155,,
19,,中州期货,322,,264,,
20,,徽商期货,283,,-183,,
总计,,,,18511,,6827,,

名次,,会员简称,持买单量,增减,,
1,,中财期货,10263,,-672,,
2,,光大期货,7057,,414,,
3,,五矿经易,5972,,-95,,
4,,前海期货,5006,,0,,
5,,上海中期,4802,,51,,
6,,永安期货,3915,,148,,
7,,一德期货,3675,,1830,,
8,,中粮期货,2732,,271,,
9,,申银万国,1829,,94,,
10,,中信期货,1718,,138,,
11,,鲁证期货,1555,,194,,
12,,创元期货,1404,,-4,,
13,,招金期货,1274,,274,,
14,,北京首创,984,,68,,
15,,东证期货,950,,267,,
16,,国泰君安,941,,123,,
17,,华安期货,874,,215,,
18,,安粮期货,869,,1,,
19,,中大期货,699,,252,,
20,,国富期货,652,,127,,
总计,,,,57171,,3696,,

名次,,会员简称,持卖单量,增减,,
1,,中粮期货,22739,,1060,,
2,,宏源期货,9440,,339,,
3,,国投安信,6109,,1197,,
4,,光大期货,5010,,8,,
5,,国泰君安,4489,,136,,
6,,英大期货,3648,,1197,,
7,,平安期货,3605,,0,,
8,,一德期货,3572,,1195,,
9,,新湖期货,2569,,0,,
10,,国富期货,2563,,47,,
11,,摩根大通,2516,,0,,
12,,银河期货,1972,,0,,
13,,中信期货,1336,,0,,
14,,国信期货,1283,,-2,,
15,,北京首创,970,,0,,
16,,信达期货,630,,-20,,
17,,迈科期货,354,,0,,
18,,鲁证期货,342,,0,,
19,,上海大陆,290,,0,,
20,,永安期货,252,,24,,
总计,,,,73689,,5181,,



会员类别,总成交量,增减,,
期货公司会员,18511,,6827,,

会员类别,总持买单量,增减,,
期货公司会员,57171,,3696,,

会员类别,总持卖单量,增减,,
期货公司会员,73689,,5181,,

,,,,,,,,大连商品交易所 成交量_买持仓_卖持仓排名,

合约代码：v2001,,Date：2019-11-19,

,,,期货公司会员,

名次,,会员简称,成交量,,增减,,
1,,东证期货,26293,,-12227,,
2,,兴证期货,19478,,-2787,,
3,,方正中期,6840,,1604,,
4,,华金期货,5822,,-5366,,
5,,海通期货,5726,,53,,
6,,中信期货,5461,,1611,,
7,,国泰君安,4026,,-1257,,
8,,徽商期货,3919,,1336,,
9,,永安期货,3733,,-1101,,
10,,光大期货,3416,,-1851,,
11,,申银万国,3244,,-3399,,
12,,宏源期货,2937,,-1871,,
13,,国富期货,2926,,-1923,,
14,,华泰期货,2629,,-515,,
15,,中辉期货,2413,,-155,,
16,,银河期货,2315,,-215,,
17,,一德期货,2175,,334,,
18,,南华期货,1960,,-1014,,
19,,招商期货,1358,,1033,,
20,,东吴期货,1285,,-239,,
总计,,,,107956,,-27949,,

名次,,会员简称,持买单量,增减,,
1,,永安期货,27051,,965,,
2,,中信期货,19213,,-1876,,
3,,东证期货,13935,,212,,
4,,兴证期货,9034,,965,,
5,,国信期货,7403,,-226,,
6,,华泰期货,7399,,-144,,
7,,国投安信,4637,,-57,,
8,,方正中期,4490,,-125,,
9,,国泰君安,4158,,-391,,
10,,银河期货,4070,,-207,,
11,,中国国际,3578,,-14,,
12,,南华期货,3255,,844,,
13,,中金期货,2993,,252,,
14,,中财期货,2968,,-188,,
15,,国富期货,2966,,85,,
16,,宏源期货,2933,,-448,,
17,,海通期货,2905,,137,,
18,,中信建投,2882,,48,,
19,,申银万国,2371,,-755,,
20,,海证期货,2292,,-82,,
总计,,,,130533,,-1005,,

名次,,会员简称,持卖单量,增减,,
1,,永安期货,20247,,984,,
2,,银河期货,9541,,1230,,
3,,中大期货,7656,,51,,
4,,国泰君安,7212,,647,,
5,,浙商期货,6892,,77,,
6,,一德期货,6489,,156,,
7,,北京首创,6252,,-59,,
8,,广发期货,6060,,-51,,
9,,中国国际,5249,,20,,
10,,申银万国,5135,,189,,
11,,东证期货,5040,,-181,,
12,,中财期货,4839,,-131,,
13,,南华期货,4758,,-504,,
14,,方正中期,4624,,25,,
15,,中辉期货,3932,,-80,,
16,,信达期货,3769,,0,,
17,,鲁证期货,3413,,270,,
18,,中信期货,3008,,-521,,
19,,广州期货,2853,,-76,,
20,,国贸期货,2751,,105,,
总计,,,,119720,,2151,,



会员类别,总成交量,增减,,
期货公司会员,107956,,-27949,,

会员类别,总持买单量,增减,,
期货公司会员,130533,,-1005,,

会员类别,总持卖单量,增减,,
期货公司会员,119720,,2151,,

,,,,,,,,大连商品交易所 成交量_买持仓_卖持仓排名,

合约代码：j2001,,Date：2019-11-19,

,,,期货公司会员,

名次,,会员简称,成交量,,增减,,
1,,国富期货,45544,,2297,,
2,,东证期货,44771,,2767,,
3,,海通期货,20259,,-749,,
4,,光大期货,19273,,2338,,
5,,中信期货,18314,,3441,,
6,,国泰君安,13695,,-3304,,
7,,银河期货,13222,,194,,
8,,华泰期货,12714,,3201,,
9,,申银万国,12121,,1790,,
10,,上海东亚,11734,,3625,,
11,,中辉期货,11252,,374,,
12,,方正中期,9743,,-320,,
13,,永安期货,9659,,-94,,
14,,徽商期货,9542,,-591,,
15,,华安期货,8992,,-857,,
16,,兴证期货,7617,,1227,,
17,,新纪元期货,7090,,276,,
18,,鲁证期货,6759,,-55,,
19,,宁证期货,6594,,1343,,
20,,东吴期货,6523,,183,,
总计,,,,295418,,17086,,

名次,,会员简称,持买单量,增减,,
1,,国富期货,15189,,-4143,,
2,,东证期货,12142,,-789,,
3,,中信期货,9923,,1730,,
4,,国泰君安,7409,,2914,,
5,,海通期货,6879,,1316,,
6,,永安期货,6608,,1851,,
7,,光大期货,5467,,-953,,
8,,华泰期货,4961,,1075,,
9,,银河期货,4815,,79,,
10,,国投安信,3542,,-298,,
11,,方正中期,3432,,46,,
12,,申银万国,3399,,112,,
13,,中辉期货,2964,,-230,,
14,,兴证期货,2766,,323,,
15,,上海东亚,2682,,236,,
16,,长江期货,2567,,-704,,
17,,英大期货,2501,,-85,,
18,,中信建投,2260,,33,,
19,,国贸期货,2167,,-36,,
20,,东吴期货,2086,,-101,,
总计,,,,103759,,2376,,

名次,,会员简称,持卖单量,增减,,
1,,国富期货,14608,,-3961,,
2,,东证期货,12620,,-226,,
3,,永安期货,10176,,512,,
4,,中信期货,9348,,1904,,
5,,申银万国,6165,,1411,,
6,,银河期货,5639,,-641,,
7,,国投安信,4913,,431,,
8,,光大期货,4098,,-1392,,
9,,海通期货,3926,,-1999,,
10,,华泰期货,3586,,-1115,,
11,,一德期货,3477,,919,,
12,,国泰君安,3430,,319,,
13,,大越期货,3280,,34,,
14,,方正中期,3052,,45,,
15,,浙商期货,2718,,-179,,
16,,鲁证期货,2712,,594,,
17,,宏源期货,2682,,5,,
18,,兴证期货,2636,,-1542,,
19,,五矿经易,2634,,-115,,
20,,上海东亚,2601,,234,,
总计,,,,104301,,-4762,,



会员类别,总成交量,增减,,
期货公司会员,295418,,17086,,

会员类别,总持买单量,增减,,
期货公司会员,103759,,2376,,

会员类别,总持卖单量,增减,,
期货公司会员,104301,,-4762,,

,,,,,,,,大连商品交易所 成交量_买持仓_卖持仓排名,

合约代码：c2009,,Date：2019-11-19,

,,,期货公司会员,

名次,,会员简称,成交量,,增减,,
1,,大地期货,5180,,2548,,
2,,东证期货,3947,,318,,
3,,鲁证期货,3749,,2305,,
4,,国元期货,1964,,1297,,
5,,徽商期货,1282,,-256,,
6,,方正中期,1150,,-458,,
7,,光大期货,973,,-174,,
8,,西部期货,825,,39,,
9,,平安期货,680,,273,,
10,,华安期货,588,,-402,,
11,,国泰君安,532,,-293,,
12,,中天期货,516,,246,,
13,,摩根大通,500,,500,,
14,,中信建投,433,,146,,
15,,上海大陆,430,,429,,
16,,国投安信,386,,54,,
17,,中投期货,378,,-313,,
18,,冠通期货,347,,142,,
19,,中辉期货,334,,-690,,
20,,安粮期货,298,,182,,
总计,,,,24492,,5893,,

名次,,会员简称,持买单量,增减,,
1,,东证期货,6709,,-290,,
2,,鲁证期货,5717,,56,,
3,,一德期货,5176,,-9,,
4,,南华期货,4623,,40,,
5,,中信期货,3204,,-8,,
6,,永安期货,2712,,68,,
7,,国信期货,2472,,104,,
8,,北京首创,2017,,-100,,
9,,中原期货,1877,,-1,,
10,,摩根大通,1877,,-500,,
11,,光大期货,1601,,8,,
12,,宏源期货,874,,-19,,
13,,国投安信,816,,-99,,
14,,华泰期货,781,,171,,
15,,安粮期货,764,,-46,,
16,,中辉期货,748,,-310,,
17,,国泰君安,609,,-504,,
18,,国贸期货,521,,-1,,
19,,华安期货,517,,-136,,
20,,长江期货,507,,17,,
总计,,,,44122,,-1559,,

名次,,会员简称,持卖单量,增减,,
1,,金瑞期货,6503,,2,,
2,,北京首创,5957,,3,,
3,,光大期货,5277,,19,,
4,,鲁证期货,5065,,-159,,
5,,东证期货,4795,,-1413,,
6,,中信期货,3465,,16,,
7,,国投安信,3145,,33,,
8,,国泰君安,2959,,14,,
9,,永安期货,1625,,0,,
10,,东海期货,1500,,0,,
11,,一德期货,1012,,0,,
12,,中投期货,913,,-190,,
13,,平安期货,742,,404,,
14,,中州期货,738,,-1,,
15,,长江期货,738,,0,,
16,,银河期货,700,,58,,
17,,上海大陆,563,,1,,
18,,海通期货,528,,7,,
19,,冠通期货,428,,107,,
20,,弘业期货,335,,2,,
总计,,,,46988,,-1097,,



会员类别,总成交量,增减,,
期货公司会员,24492,,5893,,

会员类别,总持买单量,增减,,
期货公司会员,44122,,-1559,,

会员类别,总持卖单量,增减,,
期货公司会员,46988,,-1097,,

,,,,,,,,大连商品交易所 成交量_买持仓_卖持仓排名,

合约代码：m2009,,Date：2019-11-19,

,,,期货公司会员,

名次,,会员简称,成交量,,增减,,
1,,东证期货,18834,,2099,,
2,,方正中期,14275,,-3115,,
3,,光大期货,8487,,-3817,,
4,,国投安信,8190,,336,,
5,,中粮期货,6589,,2603,,
6,,浙商期货,6051,,1250,,
7,,国泰君安,5778,,2730,,
8,,一德期货,5457,,4748,,
9,,英大期货,5145,,5037,,
10,,银河期货,4501,,1216,,
11,,东海期货,4129,,-47,,
12,,倍特期货,3859,,601,,
13,,永安期货,3367,,-1609,,
14,,中信期货,3326,,215,,
15,,东吴期货,3082,,2312,,
16,,中国国际,3021,,315,,
17,,招金期货,2938,,1676,,
18,,大越期货,2923,,2112,,
19,,华安期货,2410,,602,,
20,,华泰期货,2326,,-1271,,
总计,,,,114688,,17993,,

名次,,会员简称,持买单量,增减,,
1,,浙商期货,40779,,1850,,
2,,宏源期货,38691,,61,,
3,,天风期货,26574,,4,,
4,,永安期货,23761,,1701,,
5,,大越期货,23597,,1627,,
6,,大地期货,23434,,1666,,
7,,广发期货,18255,,192,,
8,,一德期货,16247,,-179,,
9,,五矿经易,13259,,24,,
10,,倍特期货,13031,,755,,
11,,银河期货,11260,,733,,
12,,华安期货,10460,,612,,
13,,华泰期货,7814,,578,,
14,,国富期货,7650,,23,,
15,,鲁证期货,7569,,-1018,,
16,,宝城期货,7476,,-125,,
17,,方正中期,6876,,19,,
18,,海通期货,6862,,701,,
19,,中信期货,6406,,1509,,
20,,东兴期货,6208,,2,,
总计,,,,316209,,10735,,

名次,,会员简称,持卖单量,增减,,
1,,中粮期货,145742,,4692,,
2,,国投安信,59414,,6705,,
3,,一德期货,26838,,4718,,
4,,摩根大通,21697,,0,,
5,,新湖期货,19380,,308,,
6,,永安期货,17237,,-386,,
7,,平安期货,16138,,-4,,
8,,英大期货,15082,,4974,,
9,,国泰君安,15018,,3833,,
10,,银河期货,12360,,-1084,,
11,,徽商期货,11050,,-401,,
12,,中信期货,10498,,13,,
13,,弘业期货,9259,,-237,,
14,,申银万国,6793,,-200,,
15,,五矿经易,6282,,55,,
16,,国信期货,5534,,-119,,
17,,海通期货,5128,,-16,,
18,,招商期货,4758,,-440,,
19,,广州期货,4626,,0,,
20,,北京首创,4287,,-34,,
总计,,,,417121,,22377,,



会员类别,总成交量,增减,,
期货公司会员,114688,,17993,,

会员类别,总持买单量,增减,,
期货公司会员,316209,,10735,,

会员类别,总持卖单量,增减,,
期货公司会员,417121,,22377,,

,,,,,,,,大连商品交易所 成交量_买持仓_卖持仓排名,

合约代码：l2009,,Date：2019-11-19,

,,,期货公司会员,

名次,,会员简称,成交量,,增减,,
1,,永安期货,647,,-20,,
2,,方正中期,385,,-66,,
3,,建信期货,333,,272,,
4,,广发期货,262,,-114,,
5,,华安期货,218,,94,,
6,,申银万国,194,,51,,
7,,宏源期货,176,,-87,,
8,,银河期货,174,,167,,
9,,国投安信,156,,-354,,
10,,华鑫期货,139,,-82,,
11,,南华期货,137,,137,,
12,,中辉期货,89,,-35,,
13,,中信建投,85,,77,,
14,,徽商期货,73,,16,,
15,,铜冠金源,70,,70,,
16,,华联期货,70,,42,,
17,,冠通期货,60,,-15,,
18,,安粮期货,52,,-77,,
19,,中信期货,51,,-79,,
20,,东航期货,49,,27,,
总计,,,,3420,,24,,

名次,,会员简称,持买单量,增减,,
1,,永安期货,2748,,88,,
2,,光大期货,2254,,-4,,
3,,南华期货,1335,,130,,
4,,东吴期货,1330,,0,,
5,,方正中期,1155,,9,,
6,,中信期货,1126,,-3,,
7,,浙江新世纪,973,,0,,
8,,浙商期货,805,,-3,,
9,,海通期货,619,,2,,
10,,徽商期货,546,,12,,
11,,中辉期货,545,,1,,
12,,天风期货,505,,-4,,
13,,华安期货,493,,44,,
14,,银河期货,490,,37,,
15,,广发期货,449,,6,,
16,,宏源期货,435,,7,,
17,,弘业期货,430,,3,,
18,,建信期货,397,,241,,
19,,华金期货,374,,0,,
20,,华泰期货,364,,6,,
总计,,,,17373,,572,,

名次,,会员简称,持卖单量,增减,,
1,,华泰期货,4299,,-10,,
2,,永安期货,3492,,489,,
3,,国投安信,2126,,95,,
4,,东证期货,2059,,-10,,
5,,大越期货,1505,,-3,,
6,,国海良时,1255,,-1,,
7,,东吴期货,1076,,-2,,
8,,光大期货,1052,,10,,
9,,海通期货,914,,3,,
10,,华鑫期货,572,,22,,
11,,徽商期货,531,,13,,
12,,安粮期货,417,,-12,,
13,,信达期货,413,,-10,,
14,,海证期货,373,,-4,,
15,,锦泰期货,334,,-9,,
16,,兴业期货,298,,0,,
17,,渤海期货,281,,0,,
18,,宏源期货,280,,11,,
19,,方正中期,259,,46,,
20,,浙商期货,252,,0,,
总计,,,,21788,,628,,



会员类别,总成交量,增减,,
期货公司会员,3420,,24,,

会员类别,总持买单量,增减,,
期货公司会员,17373,,572,,

会员类别,总持卖单量,增减,,
期货公司会员,21788,,628,,

,,,,,,,,大连商品交易所 成交量_买持仓_卖持仓排名,

合约代码：cs2005,,Date：2019-11-19,

,,,期货公司会员,

名次,,会员简称,成交量,,增减,,
1,,东证期货,1536,,-247,,
2,,中信期货,759,,-462,,
3,,光大期货,642,,-13,,
4,,华泰期货,412,,195,,
5,,国富期货,308,,-81,,
6,,徽商期货,303,,-512,,
7,,华闻期货,257,,110,,
8,,华安期货,251,,-45,,
9,,海证期货,235,,149,,
10,,宏源期货,210,,-260,,
11,,兴证期货,210,,44,,
12,,广发期货,183,,-360,,
13,,天富期货,176,,170,,
14,,平安期货,171,,-535,,
15,,兴业期货,162,,160,,
16,,华西期货,154,,153,,
17,,永安期货,150,,-102,,
18,,安粮期货,126,,60,,
19,,海通期货,115,,74,,
20,,鲁证期货,113,,-78,,
总计,,,,6473,,-1580,,

名次,,会员简称,持买单量,增减,,
1,,瑞达期货,4002,,0,,
2,,徽商期货,3751,,-104,,
3,,中粮期货,1188,,-91,,
4,,永安期货,915,,-54,,
5,,南华期货,797,,5,,
6,,招金期货,636,,0,,
7,,东吴期货,554,,3,,
8,,先锋期货,523,,-1,,
9,,华安期货,408,,-75,,
10,,华泰期货,359,,5,,
11,,中衍期货,297,,49,,
12,,宏源期货,271,,115,,
13,,浙商期货,271,,1,,
14,,广发期货,268,,27,,
15,,方正中期,259,,-13,,
16,,国富期货,255,,5,,
17,,弘业期货,219,,-12,,
18,,东证期货,187,,-4,,
19,,招商期货,186,,27,,
20,,中信期货,170,,-436,,
总计,,,,15516,,-553,,

名次,,会员简称,持卖单量,增减,,
1,,徽商期货,2054,,5,,
2,,中信期货,1522,,-31,,
3,,广发期货,1515,,-6,,
4,,大地期货,1150,,-2,,
5,,平安期货,947,,127,,
6,,华安期货,759,,-60,,
7,,中融汇信,672,,-1,,
8,,国投安信,625,,-2,,
9,,方正中期,588,,-25,,
10,,东吴期货,535,,0,,
11,,东证期货,482,,22,,
12,,宏源期货,467,,-15,,
13,,国泰君安,447,,4,,
14,,华闻期货,393,,150,,
15,,国富期货,353,,-3,,
16,,海证期货,339,,0,,
17,,中辉期货,336,,8,,
18,,华泰期货,310,,-343,,
19,,申银万国,302,,-3,,
20,,招金期货,294,,-19,,
总计,,,,14090,,-194,,



会员类别,总成交量,增减,,
期货公司会员,6473,,-1580,,

会员类别,总持买单量,增减,,
期货公司会员,15516,,-553,,

会员类别,总持卖单量,增减,,
期货公司会员,14090,,-194,,

,,,,,,,,大连商品交易所 成交量_买持仓_卖持仓排名,

合约代码：m2001,,Date：2019-11-19,

,,,期货公司会员,

名次,,会员简称,成交量,,增减,,
1,,东证期货,230941,,-50093,,
2,,海通期货,61894,,-25069,,
3,,国富期货,57050,,-22768,,
4,,新湖期货,40339,,-28505,,
5,,兴证期货,31066,,-26547,,
6,,中信期货,25844,,-6864,,
7,,格林大华,22794,,-2583,,
8,,方正中期,22413,,-10772,,
9,,国泰君安,20256,,-19197,,
10,,光大期货,17134,,-10501,,
11,,徽商期货,15853,,-8024,,
12,,中粮期货,15686,,2852,,
13,,申银万国,15640,,-19220,,
14,,国投安信,13693,,-2551,,
15,,浙商期货,12654,,-1880,,
16,,华泰期货,12145,,-7859,,
17,,银河期货,11815,,-13535,,
18,,华安期货,11791,,-10444,,
19,,永安期货,11475,,-8537,,
20,,南华期货,9828,,-943,,
总计,,,,660311,,-273040,

名次,,会员简称,持买单量,增减,,
1,,五矿经易,53222,,900,,
2,,永安期货,48806,,-1362,,
3,,中粮期货,46103,,1438,,
4,,鲁证期货,34788,,289,,
5,,国投安信,29777,,201,,
6,,新湖期货,21808,,17,,
7,,中信期货,19777,,474,,
8,,申银万国,19602,,-66,,
9,,一德期货,18236,,201,,
10,,安粮期货,18193,,7,,
11,,大越期货,17376,,-249,,
12,,南华期货,16131,,-529,,
13,,东证期货,15788,,790,,
14,,海通期货,14100,,746,,
15,,国富期货,13233,,39,,
16,,光大期货,11919,,486,,
17,,银河期货,11809,,-1179,,
18,,国泰君安,10649,,931,,
19,,宏源期货,10602,,-176,,
20,,大地期货,10143,,140,,
总计,,,,442062,,3098,,

名次,,会员简称,持卖单量,增减,,
1,,中粮期货,70997,,-1430,,
2,,国投安信,64526,,3576,,
3,,一德期货,42759,,871,,
4,,摩根大通,41708,,-7863,,
5,,新湖期货,38992,,-1032,,
6,,广发期货,31010,,241,,
7,,国泰君安,30904,,191,,
8,,银河期货,30316,,-570,,
9,,倍特期货,17928,,-11,,
10,,华泰期货,16161,,-622,,
11,,鲁证期货,15577,,-1220,,
12,,海通期货,14792,,-2876,,
13,,宏源期货,13899,,1018,,
14,,格林大华,13476,,4025,,
15,,北京首创,13297,,19,,
16,,信达期货,13237,,379,,
17,,中信期货,12878,,-216,,
18,,永安期货,9996,,1049,,
19,,金瑞期货,9310,,3027,,
20,,国富期货,9289,,47,,
总计,,,,511052,,-1397,,



会员类别,总成交量,增减,,
期货公司会员,660311,,-273040,

会员类别,总持买单量,增减,,
期货公司会员,442062,,3098,,

会员类别,总持卖单量,增减,,
期货公司会员,511052,,-1397,,

,,,,,,,,大连商品交易所 成交量_买持仓_卖持仓排名,

合约代码：pp2001,,Date：2019-11-19,

,,,期货公司会员,

名次,,会员简称,成交量,,增减,,
1,,东证期货,103727,,-5561,,
2,,中信期货,23750,,69,,
3,,国富期货,22463,,2177,,
4,,徽商期货,21762,,3854,,
5,,海通期货,21384,,-18281,,
6,,华泰期货,16835,,377,,
7,,方正中期,15959,,818,,
8,,华安期货,15705,,-790,,
9,,国泰君安,13973,,-2904,,
10,,永安期货,9732,,-4487,,
11,,国投安信,8209,,-285,,
12,,兴证期货,7555,,-3490,,
13,,申银万国,7311,,-2941,,
14,,南华期货,7230,,-2902,,
15,,银河期货,7219,,-2038,,
16,,浙商期货,7215,,-780,,
17,,安粮期货,7002,,-620,,
18,,宏源期货,6936,,-2371,,
19,,东航期货,6918,,-1182,,
20,,东吴期货,6865,,-658,,
总计,,,,337750,,-41995,,

名次,,会员简称,持买单量,增减,,
1,,永安期货,40036,,-741,,
2,,中信期货,14356,,-1982,,
3,,广发期货,14231,,-1457,,
4,,华泰期货,11415,,-425,,
5,,国泰君安,9903,,381,,
6,,南华期货,9406,,-498,,
7,,银河期货,9271,,-7,,
8,,中粮期货,7986,,394,,
9,,申银万国,7938,,-868,,
10,,东海期货,7450,,-61,,
11,,建信期货,6897,,-2590,,
12,,鲁证期货,6780,,-182,,
13,,国投安信,6326,,485,,
14,,五矿经易,6290,,36,,
15,,方正中期,5385,,53,,
16,,中财期货,4866,,-128,,
17,,浙商期货,4519,,-122,,
18,,平安期货,4408,,59,,
19,,国海良时,4221,,280,,
20,,瑞达期货,3655,,169,,
总计,,,,185339,,-7204,,

名次,,会员简称,持卖单量,增减,,
1,,永安期货,15502,,-1009,,
2,,国泰君安,14611,,-298,,
3,,方正中期,12438,,1740,,
4,,华泰期货,11946,,-2158,,
5,,中信期货,11547,,-542,,
6,,兴证期货,11209,,2189,,
7,,国投安信,10935,,38,,
8,,中财期货,10523,,-408,,
9,,海通期货,9930,,2811,,
10,,招商期货,9280,,564,,
11,,山西三立,8614,,828,,
12,,浙商期货,7515,,-1057,,
13,,中大期货,7235,,99,,
14,,银河期货,6540,,334,,
15,,东证期货,6136,,-1016,,
16,,宏源期货,5628,,139,,
17,,海证期货,4252,,-596,,
18,,中信建投,4071,,0,,
19,,鲁证期货,4055,,-76,,
20,,中国国际,3968,,-128,,
总计,,,,175935,,1454,,



会员类别,总成交量,增减,,
期货公司会员,337750,,-41995,,

会员类别,总持买单量,增减,,
期货公司会员,185339,,-7204,,

会员类别,总持卖单量,增减,,
期货公司会员,175935,,1454,,

,,,,,,,,大连商品交易所 成交量_买持仓_卖持仓排名,

合约代码：cs2001,,Date：2019-11-19,

,,,期货公司会员,

名次,,会员简称,成交量,,增减,,
1,,东证期货,27555,,-16693,,
2,,海通期货,9127,,-5050,,
3,,国泰君安,5704,,-1627,,
4,,中信期货,4399,,-2116,,
5,,兴证期货,4347,,238,,
6,,迈科期货,3464,,851,,
7,,国富期货,3146,,-1969,,
8,,方正中期,2872,,-908,,
9,,广发期货,2582,,-2006,,
10,,摩根大通,2336,,2247,,
11,,华泰期货,2266,,-1939,,
12,,光大期货,2222,,-3222,,
13,,徽商期货,2136,,-1421,,
14,,华安期货,1730,,-177,,
15,,长安期货,1419,,448,,
16,,东吴期货,1403,,-864,,
17,,银河期货,1275,,-1484,,
18,,永安期货,1266,,-4025,,
19,,华信期货,1213,,938,,
20,,广州金控,1087,,-1927,,
总计,,,,81549,,-40706,,

名次,,会员简称,持买单量,增减,,
1,,南华期货,5749,,-431,,
2,,北京首创,5664,,-54,,
3,,国投安信,4639,,5,,
4,,光大期货,3708,,-336,,
5,,广发期货,3563,,-1582,,
6,,上海大陆,3441,,-66,,
7,,东证期货,3365,,-385,,
8,,徽商期货,3266,,-137,,
9,,中融汇信,3246,,-193,,
10,,华泰期货,2574,,-282,,
11,,中粮期货,2435,,21,,
12,,中国国际,2356,,35,,
13,,国泰君安,2217,,-628,,
14,,国富期货,2021,,45,,
15,,华安期货,1840,,-173,,
16,,宏源期货,1824,,-34,,
17,,永安期货,1672,,-36,,
18,,中信建投,1646,,-203,,
19,,海证期货,1373,,305,,
20,,大地期货,1359,,-7,,
总计,,,,57958,,-4136,,

名次,,会员简称,持卖单量,增减,,
1,,永安期货,17560,,486,,
2,,中信期货,12364,,279,,
3,,金瑞期货,5156,,26,,
4,,国泰君安,5139,,-8,,
5,,东证期货,5136,,-438,,
6,,中粮期货,4188,,7,,
7,,国投安信,3740,,-121,,
8,,摩根大通,3635,,-2126,,
9,,华泰期货,2947,,-20,,
10,,兴证期货,2907,,-35,,
11,,中金期货,2867,,2,,
12,,广州金控,2187,,-50,,
13,,方正中期,1732,,97,,
14,,宏源期货,1721,,-30,,
15,,国信期货,1695,,-261,,
16,,中融汇信,1310,,-4,,
17,,平安期货,1149,,-202,,
18,,和融期货,1104,,-3,,
19,,东吴期货,997,,21,,
20,,广发期货,940,,102,,
总计,,,,78474,,-2278,,



会员类别,总成交量,增减,,
期货公司会员,81549,,-40706,,

会员类别,总持买单量,增减,,
期货公司会员,57958,,-4136,,

会员类别,总持卖单量,增减,,
期货公司会员,78474,,-2278,,

,,,,,,,,大连商品交易所 成交量_买持仓_卖持仓排名,

合约代码：p2001,,Date：2019-11-19,

,,,期货公司会员,

名次,,会员简称,成交量,,增减,,
1,,东证期货,288448,,-5890,,
2,,兴证期货,217829,,-8611,,
3,,光大期货,130487,,4545,,
4,,申银万国,122012,,-15992,,
5,,招商期货,95766,,57106,,
6,,海通期货,82403,,-31668,,
7,,国富期货,77276,,-7722,,
8,,东方财富,68776,,-5447,,
9,,徽商期货,64558,,7041,,
10,,中信期货,56352,,-9964,,
11,,方正中期,55570,,-6674,,
12,,银河期货,49865,,9868,,
13,,华安期货,45616,,2433,,
14,,华泰期货,44810,,9136,,
15,,国泰君安,37115,,3238,,
16,,中辉期货,34282,,-8153,,
17,,广发期货,29106,,5539,,
18,,中粮期货,24857,,5886,,
19,,国投安信,24498,,-601,,
20,,安粮期货,24189,,-5763,,
总计,,,,1573815,-1693,,

名次,,会员简称,持买单量,增减,,
1,,一德期货,23501,,3807,,
2,,东证期货,17296,,281,,
3,,海通期货,16097,,4617,,
4,,银河期货,15862,,172,,
5,,中信期货,15631,,658,,
6,,国泰君安,14461,,9907,,
7,,徽商期货,13144,,551,,
8,,华泰期货,13020,,-403,,
9,,鲁证期货,12224,,-104,,
10,,永安期货,12212,,-1370,,
11,,申银万国,11854,,-49,,
12,,北京首创,11522,,-191,,
13,,国富期货,9748,,-27,,
14,,光大期货,9452,,-3223,,
15,,南华期货,9261,,-3235,,
16,,首创京都,8119,,456,,
17,,兴证期货,7578,,-93,,
18,,宏源期货,7449,,654,,
19,,国投安信,7382,,-1162,,
20,,中粮期货,7063,,4634,,
总计,,,,242876,,15880,,

名次,,会员简称,持卖单量,增减,,
1,,华泰期货,21689,,-10179,,
2,,中粮期货,20847,,-1219,,
3,,东证期货,20824,,3053,,
4,,国投安信,18559,,-392,,
5,,东方财富,14927,,1808,,
6,,银河期货,12706,,1001,,
7,,广发期货,11865,,1137,,
8,,浙商期货,11640,,89,,
9,,永安期货,10642,,392,,
10,,中信期货,8680,,-744,,
11,,上海中期,8216,,639,,
12,,新湖期货,7477,,2848,,
13,,国富期货,7423,,225,,
14,,海通期货,6859,,1662,,
15,,方正中期,6582,,486,,
16,,鲁证期货,6534,,3771,,
17,,天风期货,6269,,837,,
18,,国泰君安,6074,,926,,
19,,国贸期货,5947,,3979,,
20,,光大期货,5865,,122,,
总计,,,,219625,,10441,,



会员类别,总成交量,增减,,
期货公司会员,1573815,-1693,,

会员类别,总持买单量,增减,,
期货公司会员,242876,,15880,,

会员类别,总持卖单量,增减,,
期货公司会员,219625,,10441,,

,,,,,,,,大连商品交易所 成交量_买持仓_卖持仓排名,

合约代码：c2005,,Date：2019-11-19,

,,,期货公司会员,

名次,,会员简称,成交量,,增减,,
1,,东证期货,49231,,-3068,,
2,,国泰君安,33259,,1296,,
3,,广州金控,12418,,-838,,
4,,中信期货,11040,,-2523,,
5,,徽商期货,10884,,-6081,,
6,,宏源期货,8982,,6140,,
7,,国投安信,8888,,4768,,
8,,光大期货,7942,,-4822,,
9,,大地期货,7623,,7077,,
10,,永安期货,7049,,-18809,,
11,,浙商期货,6680,,3799,,
12,,华闻期货,5732,,4011,,
13,,东吴期货,5290,,-705,,
14,,新湖期货,5168,,1883,,
15,,国联期货,4643,,-5103,,
16,,华信期货,3546,,1870,,
17,,申银万国,3494,,-1036,,
18,,北京首创,3396,,2756,,
19,,鲁证期货,3344,,882,,
20,,华安期货,2877,,-287,,
总计,,,,201486,,-8790,,

名次,,会员简称,持买单量,增减,,
1,,永安期货,71061,,3565,,
2,,五矿经易,39126,,-151,,
3,,金瑞期货,37663,,32,,
4,,中信期货,18678,,423,,
5,,建信期货,14883,,815,,
6,,国泰君安,14620,,6676,,
7,,一德期货,14040,,10,,
8,,申银万国,12556,,23,,
9,,国投安信,11038,,-1319,,
10,,鲁证期货,10468,,222,,
11,,东证期货,9777,,-574,,
12,,中粮期货,9440,,-994,,
13,,东海期货,8882,,36,,
14,,北京首创,8811,,-3015,,
15,,光大期货,7979,,52,,
16,,浙商期货,7838,,-2298,,
17,,徽商期货,7670,,639,,
18,,华泰期货,7307,,-134,,
19,,广发期货,5636,,-486,,
20,,南华期货,5498,,62,,
总计,,,,322971,,3584,,

名次,,会员简称,持卖单量,增减,,
1,,永安期货,66871,,538,,
2,,中信期货,59211,,-1825,,
3,,国投安信,47087,,2419,,
4,,金瑞期货,33953,,259,,
5,,光大期货,22913,,1592,,
6,,中粮期货,17927,,38,,
7,,大有期货,15546,,5,,
8,,东证期货,14775,,-3519,,
9,,华泰期货,11352,,72,,
10,,南华期货,10905,,578,,
11,,国泰君安,9389,,45,,
12,,银河期货,9317,,1456,,
13,,中国国际,8683,,590,,
14,,鲁证期货,8021,,-1132,,
15,,浙商期货,7878,,932,,
16,,摩根大通,6275,,-1287,,
17,,中原期货,6135,,2197,,
18,,新湖期货,5333,,186,,
19,,海证期货,5261,,45,,
20,,中金期货,5166,,28,,
总计,,,,371998,,3217,,



会员类别,总成交量,增减,,
期货公司会员,201486,,-8790,,

会员类别,总持买单量,增减,,
期货公司会员,322971,,3584,,

会员类别,总持卖单量,增减,,
期货公司会员,371998,,3217,,

