商品名称:铜                  ,合约代码:cuall                         ,,,,,,,,,
,期货公司  ,期货公司  ,182357,6637,期货公司  ,期货公司  ,260868,3665,期货公司  ,期货公司  ,267278,3860,
商品名称:铜                  ,合约代码:cuall                         ,,,,,,,,,
,非期货公司,非期货公司,1501,-145,非期货公司,非期货公司,10469,173,非期货公司,非期货公司,4059,-22,
RANK1合约代码:cu1912                        ,,,,,,,,,,
1,0253      ,华泰期货  ,11147,1165,0049      ,金瑞期货  ,9642,-157,0148      ,中信期货  ,9911,-61,
2,0163      ,东证期货  ,4464,-352,0148      ,中信期货  ,3687,41,0009      ,五矿经易  ,8119,-206,
3,0009      ,五矿经易  ,3561,-1290,0003      ,建信期货  ,3637,95,0049      ,金瑞期货  ,4998,-807,
4,0049      ,金瑞期货  ,2688,570,0034      ,方正中期  ,2882,-152,0082      ,国投安信  ,4367,-413,
5,0148      ,中信期货  ,2640,105,0103      ,永安期货  ,2872,-394,0004      ,国泰君安  ,4269,259,
6,0299      ,华安期货  ,2491,653,0031      ,中航期货  ,2630,-4,0058      ,国贸期货  ,4104,15,
7,0082      ,国投安信  ,2098,-892,0009      ,五矿经易  ,2464,285,0272      ,银河期货  ,3291,156,
8,0004      ,国泰君安  ,2083,-29,0315      ,云晨期货  ,2457,-226,0139      ,中粮期货  ,2634,0,
9,0034      ,方正中期  ,1944,852,0096      ,南华期货  ,2387,35,0121      ,格林大华  ,2560,425,
10,0081      ,海通期货  ,1925,-52,0058      ,国贸期货  ,2385,87,0025      ,铜冠金源  ,2543,73,
11,0025      ,铜冠金源  ,1464,-57,0004      ,国泰君安  ,2263,-162,0299      ,华安期货  ,2459,342,
12,0277      ,一德期货  ,1432,-118,0253      ,华泰期货  ,2061,-390,0277      ,一德期货  ,2206,-252,
13,0272      ,银河期货  ,1204,-639,0025      ,铜冠金源  ,2002,-91,0253      ,华泰期货  ,2092,-471,
14,0077      ,新湖期货  ,1078,103,0069      ,申万期货  ,1899,2,0240      ,广发期货  ,2024,119,
15,0058      ,国贸期货  ,904,-649,0277      ,一德期货  ,1716,46,0372      ,中银国际  ,2005,-110,
16,0096      ,南华期货  ,899,-311,0139      ,中粮期货  ,1700,21,0003      ,建信期货  ,1791,-106,
17,0372      ,中银国际  ,730,350,0136      ,信达期货  ,1534,47,0047      ,迈科期货  ,1629,-1,
18,0003      ,建信期货  ,725,68,0169      ,兴业期货  ,1513,110,0081      ,海通期货  ,1603,127,
19,0320      ,大有期货  ,678,276,0299      ,华安期货  ,1377,303,0161      ,招商期货  ,1331,-4,
20,0308      ,国信期货  ,660,-84,0051      ,华金期货  ,1355,-64,0169      ,兴业期货  ,1275,-189,
合计:cu1912                        ,,,44815,-331,,,52463,-568,,,65211,-1104,
RANK1合约代码:cu2001                        ,,,,,,,,,,
1,0253      ,华泰期货  ,16451,2925,0049      ,金瑞期货  ,10839,442,0148      ,中信期货  ,11562,449,
2,0163      ,东证期货  ,9567,728,0004      ,国泰君安  ,9821,80,0003      ,建信期货  ,6796,-125,
3,0148      ,中信期货  ,4489,-545,0103      ,永安期货  ,5915,88,0009      ,五矿经易  ,6690,25,
4,0009      ,五矿经易  ,3791,57,0315      ,云晨期货  ,4862,9,0004      ,国泰君安  ,6020,-81,
5,0311      ,兴证期货  ,3284,-734,0148      ,中信期货  ,4574,-128,0082      ,国投安信  ,5314,-16,
6,0299      ,华安期货  ,3003,1774,0025      ,铜冠金源  ,3356,274,0049      ,金瑞期货  ,4129,-209,
7,0082      ,国投安信  ,2741,-158,0253      ,华泰期货  ,2798,436,0299      ,华安期货  ,3880,-358,
8,0308      ,国信期货  ,2515,751,0058      ,国贸期货  ,2498,12,0240      ,广发期货  ,3855,37,
9,0081      ,海通期货  ,2485,-676,0096      ,南华期货  ,2428,23,0272      ,银河期货  ,3536,41,
10,0385      ,国富期货  ,2334,15,0031      ,中航期货  ,2356,40,0058      ,国贸期货  ,2919,-117,
11,0096      ,南华期货  ,2301,358,0272      ,银河期货  ,2084,113,0311      ,兴证期货  ,2884,29,
12,0025      ,铜冠金源  ,1931,84,0137      ,宏源期货  ,2066,80,0016      ,上海大陆  ,2525,168,
13,0004      ,国泰君安  ,1889,-419,0081      ,海通期货  ,1819,-65,0025      ,铜冠金源  ,2364,-131,
14,0272      ,银河期货  ,1736,-648,0034      ,方正中期  ,1782,-26,0372      ,中银国际  ,2311,30,
15,0049      ,金瑞期货  ,1535,242,0178      ,弘业期货  ,1766,155,0268      ,中信建投  ,2146,415,
16,0261      ,长城期货  ,1399,1330,0169      ,兴业期货  ,1663,52,0253      ,华泰期货  ,2135,83,
17,0116      ,首创期货  ,1309,1127,0082      ,国投安信  ,1636,53,0169      ,兴业期货  ,2103,-174,
18,0034      ,方正中期  ,1292,178,0042      ,光大期货  ,1516,81,0081      ,海通期货  ,2010,154,
19,0103      ,永安期货  ,1143,275,0136      ,信达期货  ,1501,96,0103      ,永安期货  ,1983,-83,
20,0161      ,招商期货  ,1049,-141,0077      ,新湖期货  ,1492,27,0139      ,中粮期货  ,1859,41,
合计:cu2001                        ,,,66244,6523,,,66772,1842,,,77021,178,
RANK1合约代码:cu2002                        ,,,,,,,,,,
1,0163      ,东证期货  ,3234,396,0315      ,云晨期货  ,5550,2,0148      ,中信期货  ,4908,516,
2,0253      ,华泰期货  ,3199,977,0049      ,金瑞期货  ,3784,122,0049      ,金瑞期货  ,3767,42,
3,0148      ,中信期货  ,2162,576,0081      ,海通期货  ,3172,-8,0096      ,南华期货  ,2981,91,
4,0009      ,五矿经易  ,1557,301,0148      ,中信期货  ,2082,-36,0082      ,国投安信  ,2758,1,
5,0385      ,国富期货  ,877,121,0095      ,国金期货  ,1427,7,0003      ,建信期货  ,2544,-124,
6,0308      ,国信期货  ,746,-4,0272      ,银河期货  ,1356,62,0139      ,中粮期货  ,2090,0,
7,0082      ,国投安信  ,639,34,0025      ,铜冠金源  ,1348,-65,0009      ,五矿经易  ,1863,-6,
8,0034      ,方正中期  ,605,87,0002      ,中钢期货  ,1325,0,0051      ,华金期货  ,1827,1,
9,0338      ,广州期货  ,592,348,0009      ,五矿经易  ,1259,213,0103      ,永安期货  ,1729,80,
10,0069      ,申万期货  ,535,34,0003      ,建信期货  ,1166,1,0059      ,瑞达期货  ,1607,11,
11,0274      ,中辉期货  ,458,37,0268      ,中信建投  ,1113,-2,0047      ,迈科期货  ,1599,-160,
12,0103      ,永安期货  ,391,223,0034      ,方正中期  ,969,88,0169      ,兴业期货  ,1281,-45,
13,0272      ,银河期货  ,356,58,0077      ,新湖期货  ,855,16,0058      ,国贸期货  ,1162,109,
14,0320      ,大有期货  ,346,232,0169      ,兴业期货  ,813,8,0274      ,中辉期货  ,947,-9,
15,0240      ,广发期货  ,332,164,0253      ,华泰期货  ,804,136,0272      ,银河期货  ,889,30,
16,0049      ,金瑞期货  ,318,-67,0186      ,徽商期货  ,785,0,0088      ,东亚期货  ,873,40,
17,0025      ,铜冠金源  ,314,132,0096      ,南华期货  ,750,17,0253      ,华泰期货  ,840,391,
18,0136      ,信达期货  ,297,276,0019      ,宝城期货  ,729,0,0081      ,海通期货  ,832,30,
19,0298      ,东方财富  ,284,120,0103      ,永安期货  ,728,-33,0311      ,兴证期货  ,727,0,
20,0004      ,国泰君安  ,279,-38,0338      ,广州期货  ,642,66,0034      ,方正中期  ,700,23,
合计:cu2002                        ,,,17521,4007,,,30657,594,,,35924,1021,
RANK1合约代码:cu2003                        ,,,,,,,,,,
1,0163      ,东证期货  ,1130,21,0148      ,中信期货  ,2958,18,0096      ,南华期货  ,2811,41,
2,0148      ,中信期货  ,905,475,0096      ,南华期货  ,2459,41,0077      ,新湖期货  ,2067,1,
3,0385      ,国富期货  ,509,35,0049      ,金瑞期货  ,804,20,0272      ,银河期货  ,1670,443,
4,0272      ,银河期货  ,506,412,0081      ,海通期货  ,747,108,0148      ,中信期货  ,1588,-309,
5,0082      ,国投安信  ,397,108,0025      ,铜冠金源  ,685,30,0049      ,金瑞期货  ,1232,45,
6,0081      ,海通期货  ,324,17,0003      ,建信期货  ,562,4,0163      ,东证期货  ,1055,94,
7,0034      ,方正中期  ,306,29,0272      ,银河期货  ,472,11,0169      ,兴业期货  ,889,37,
8,0274      ,中辉期货  ,288,56,0240      ,广发期货  ,429,110,0002      ,中钢期货  ,836,0,
9,0298      ,东方财富  ,252,58,0001      ,招金期货  ,392,-4,0009      ,五矿经易  ,604,-3,
10,0253      ,华泰期货  ,229,7,0077      ,新湖期货  ,381,1,0268      ,中信建投  ,431,4,
11,0338      ,广州期货  ,221,-140,0298      ,东方财富  ,360,-13,0003      ,建信期货  ,362,0,
12,0009      ,五矿经易  ,204,-22,0047      ,迈科期货  ,353,0,0103      ,永安期货  ,303,-1,
13,0139      ,中粮期货  ,202,115,0004      ,国泰君安  ,326,0,0025      ,铜冠金源  ,247,1,
14,0315      ,云晨期货  ,187,184,0125      ,中大期货  ,313,18,0028      ,通惠期货  ,220,0,
15,0096      ,南华期货  ,152,83,0103      ,永安期货  ,308,1,0139      ,中粮期货  ,220,202,
16,0308      ,国信期货  ,146,-34,0178      ,弘业期货  ,302,1,0311      ,兴证期货  ,212,-7,
17,0069      ,申万期货  ,136,110,0253      ,华泰期货  ,288,11,0299      ,华安期货  ,199,117,
18,0299      ,华安期货  ,131,131,0019      ,宝城期货  ,281,9,0315      ,云晨期货  ,196,181,
19,0240      ,广发期货  ,116,82,0034      ,方正中期  ,277,21,0259      ,华闻期货  ,164,0,
20,0137      ,宏源期货  ,109,53,0008      ,上海中期  ,242,2,0320      ,大有期货  ,151,105,
合计:cu2003                        ,,,6450,1780,,,12939,389,,,15457,951,
商品名称:铝                  ,合约代码:alall                         ,,,,,,,,,
,期货公司  ,期货公司  ,167182,-48964,期货公司  ,期货公司  ,316560,-5794,期货公司  ,期货公司  ,318818,-4334,
商品名称:铝                  ,合约代码:alall                         ,,,,,,,,,
,非期货公司,非期货公司,1510,1510,非期货公司,非期货公司,2548,1435,非期货公司,非期货公司,290,-25,
RANK1合约代码:al1912                        ,,,,,,,,,,
1,0081      ,海通期货  ,8063,-2249,0103      ,永安期货  ,5763,-129,0315      ,云晨期货  ,13538,362,
2,0163      ,东证期货  ,2459,-2178,0308      ,国信期货  ,4944,-25,0082      ,国投安信  ,7761,-84,
3,0253      ,华泰期货  ,1979,-1299,0148      ,中信期货  ,4169,-205,0148      ,中信期货  ,7076,-108,
4,0315      ,云晨期货  ,1928,1683,0272      ,银河期货  ,3953,-121,0157      ,中国国际  ,6178,-69,
5,0275      ,鲁证期货  ,1634,844,0275      ,鲁证期货  ,3918,-1003,0116      ,首创期货  ,4258,11,
6,0148      ,中信期货  ,1581,-2136,0139      ,中粮期货  ,3685,-219,0003      ,建信期货  ,2858,-183,
7,0049      ,金瑞期货  ,1523,490,0081      ,海通期货  ,3587,-145,0272      ,银河期货  ,2546,-332,
8,0048      ,长江期货  ,1257,-516,0299      ,华安期货  ,3294,-119,0271      ,渤海期货  ,2492,-4,
9,0047      ,迈科期货  ,1243,575,0136      ,信达期货  ,3132,311,0277      ,一德期货  ,2113,-241,
10,0042      ,光大期货  ,1160,301,0049      ,金瑞期货  ,2952,-151,0081      ,海通期货  ,1723,26,
11,0096      ,南华期货  ,1003,722,0047      ,迈科期货  ,2590,-18,0096      ,南华期货  ,1620,-171,
12,0082      ,国投安信  ,960,-276,0277      ,一德期货  ,2278,-100,0049      ,金瑞期货  ,1524,1126,
13,0139      ,中粮期货  ,741,-1168,0253      ,华泰期货  ,2195,-220,0261      ,长城期货  ,1500,-400,
14,0311      ,兴证期货  ,677,216,0004      ,国泰君安  ,1810,-127,0275      ,鲁证期货  ,1425,-223,
15,0077      ,新湖期货  ,578,-10,0169      ,兴业期货  ,1408,-37,0240      ,广发期货  ,1336,-136,
16,0272      ,银河期货  ,569,-497,0003      ,建信期货  ,1337,2,0253      ,华泰期货  ,1300,-753,
17,0069      ,申万期货  ,544,-175,0240      ,广发期货  ,1289,-23,0139      ,中粮期货  ,1208,-104,
18,0004      ,国泰君安  ,515,110,0008      ,上海中期  ,1123,-9,0103      ,永安期货  ,1204,-67,
19,0088      ,东亚期货  ,500,475,0096      ,南华期货  ,1113,-136,0004      ,国泰君安  ,1154,214,
20,0008      ,上海中期  ,489,254,0073      ,东华期货  ,1100,0,0042      ,光大期货  ,1099,-1101,
合计:al1912                        ,,,29403,-4834,,,55640,-2474,,,63913,-2237,
RANK1合约代码:al2001                        ,,,,,,,,,,
1,0081      ,海通期货  ,16238,-236,0139      ,中粮期货  ,7495,197,0148      ,中信期货  ,14998,-130,
2,0311      ,兴证期货  ,7870,-4090,0253      ,华泰期货  ,6813,-123,0081      ,海通期货  ,9339,-81,
3,0163      ,东证期货  ,5199,-2436,0148      ,中信期货  ,4831,142,0332      ,华信期货  ,8099,-2,
4,0148      ,中信期货  ,5150,-1906,0136      ,信达期货  ,4461,-290,0139      ,中粮期货  ,6360,-289,
5,0082      ,国投安信  ,3872,867,0003      ,建信期货  ,4334,187,0163      ,东证期货  ,5380,-375,
6,0274      ,中辉期货  ,3419,-349,0103      ,永安期货  ,4195,-169,0004      ,国泰君安  ,3884,-15,
7,0385      ,国富期货  ,3269,-409,0081      ,海通期货  ,3885,-99,0082      ,国投安信  ,3648,-167,
8,0009      ,五矿经易  ,2463,299,0004      ,国泰君安  ,3606,105,0253      ,华泰期货  ,3044,-34,
9,0308      ,国信期货  ,2284,-483,0240      ,广发期货  ,3571,-311,0157      ,中国国际  ,2784,45,
10,0069      ,申万期货  ,1791,-696,0049      ,金瑞期货  ,3476,-52,0029      ,国海良时  ,2727,-64,
11,0137      ,宏源期货  ,1705,-1404,0008      ,上海中期  ,3447,10,0299      ,华安期货  ,2607,79,
12,0048      ,长江期货  ,1684,-77,0169      ,兴业期货  ,3335,2,0137      ,宏源期货  ,2560,-332,
13,0253      ,华泰期货  ,1581,-1829,0029      ,国海良时  ,3313,-233,0003      ,建信期货  ,2513,-8,
14,0034      ,方正中期  ,1573,-624,0308      ,国信期货  ,3301,-1010,0272      ,银河期货  ,2479,180,
15,0186      ,徽商期货  ,1559,223,0275      ,鲁证期货  ,2231,1086,0275      ,鲁证期货  ,2450,-84,
16,0272      ,银河期货  ,1559,313,0082      ,国投安信  ,2076,7,0103      ,永安期货  ,2364,-156,
17,0052      ,山金期货  ,1554,-1974,0272      ,银河期货  ,2064,-377,0311      ,兴证期货  ,2201,426,
18,0275      ,鲁证期货  ,1390,167,0069      ,申万期货  ,2061,-249,0058      ,国贸期货  ,2058,-155,
19,0240      ,广发期货  ,1373,842,0034      ,方正中期  ,1958,-223,0261      ,长城期货  ,2007,484,
20,0103      ,永安期货  ,1263,93,0116      ,首创期货  ,1876,42,0240      ,广发期货  ,1953,120,
合计:al2001                        ,,,66796,-13709,,,72329,-1358,,,83455,-558,
RANK1合约代码:al2002                        ,,,,,,,,,,
1,0148      ,中信期货  ,3500,1812,0029      ,国海良时  ,4959,-98,0148      ,中信期货  ,7060,-1876,
2,0163      ,东证期货  ,2758,-2173,0169      ,兴业期货  ,4218,60,0139      ,中粮期货  ,4448,115,
3,0274      ,中辉期货  ,2563,-669,0308      ,国信期货  ,3831,-1,0103      ,永安期货  ,3128,245,
4,0081      ,海通期货  ,2545,-1519,0253      ,华泰期货  ,3768,-4,0081      ,海通期货  ,2898,-6,
5,0385      ,国富期货  ,2429,-330,0049      ,金瑞期货  ,3458,0,0082      ,国投安信  ,2481,41,
6,0103      ,永安期货  ,1177,885,0139      ,中粮期货  ,3458,-47,0096      ,南华期货  ,2478,-4,
7,0009      ,五矿经易  ,1159,-1310,0136      ,信达期货  ,3021,0,0077      ,新湖期货  ,2391,0,
8,0262      ,英大期货  ,800,800,0103      ,永安期货  ,2642,-900,0253      ,华泰期货  ,2294,-9,
9,0034      ,方正中期  ,715,-158,0008      ,上海中期  ,2522,137,0003      ,建信期货  ,2235,147,
10,0069      ,申万期货  ,566,-1411,0148      ,中信期货  ,2481,-184,0008      ,上海中期  ,2006,-111,
11,0157      ,中国国际  ,550,439,0299      ,华安期货  ,2253,0,0343      ,中金期货  ,1801,40,
12,0137      ,宏源期货  ,515,-250,0009      ,五矿经易  ,1707,-37,0009      ,五矿经易  ,1797,-10,
13,0159      ,倍特期货  ,457,-220,0116      ,首创期货  ,1489,-104,0049      ,金瑞期货  ,1647,0,
14,0308      ,国信期货  ,429,60,0034      ,方正中期  ,1342,50,0385      ,国富期货  ,1485,132,
15,0253      ,华泰期货  ,419,-279,0272      ,银河期货  ,1213,-8,0004      ,国泰君安  ,1423,278,
16,0059      ,瑞达期货  ,402,395,0077      ,新湖期货  ,1118,-13,0277      ,一德期货  ,1357,-3,
17,0008      ,上海中期  ,364,129,0081      ,海通期货  ,1044,-1,0268      ,中信建投  ,1157,0,
18,0082      ,国投安信  ,327,-181,0163      ,东证期货  ,1040,-51,0116      ,首创期货  ,1033,58,
19,0240      ,广发期货  ,310,111,0262      ,英大期货  ,991,400,0332      ,华信期货  ,952,0,
20,0004      ,国泰君安  ,288,248,0047      ,迈科期货  ,942,41,0270      ,前海期货  ,936,0,
合计:al2002                        ,,,22273,-3621,,,47497,-760,,,45007,-963,
RANK1合约代码:al2003                        ,,,,,,,,,,
1,0163      ,东证期货  ,913,-1308,0308      ,国信期货  ,3200,0,0148      ,中信期货  ,4249,-53,
2,0274      ,中辉期货  ,665,-1270,0136      ,信达期货  ,2729,0,0004      ,国泰君安  ,3811,0,
3,0069      ,申万期货  ,516,-850,0082      ,国投安信  ,2229,-59,0069      ,申万期货  ,2479,-174,
4,0385      ,国富期货  ,457,-817,0049      ,金瑞期货  ,2072,0,0139      ,中粮期货  ,1853,66,
5,0082      ,国投安信  ,310,94,0103      ,永安期货  ,2041,0,0275      ,鲁证期货  ,1601,0,
6,0148      ,中信期货  ,269,-991,0008      ,上海中期  ,1927,0,0103      ,永安期货  ,1433,8,
7,0318      ,鑫鼎盛    ,220,180,0253      ,华泰期货  ,1584,1,0318      ,鑫鼎盛    ,1090,-20,
8,0009      ,五矿经易  ,203,171,0148      ,中信期货  ,1478,0,0253      ,华泰期货  ,959,-14,
9,0137      ,宏源期货  ,183,-381,0009      ,五矿经易  ,1383,2,0003      ,建信期货  ,908,0,
10,0268      ,中信建投  ,174,80,0139      ,中粮期货  ,1101,0,0268      ,中信建投  ,888,171,
11,0159      ,倍特期货  ,153,-57,0272      ,银河期货  ,981,-19,0159      ,倍特期货  ,704,-93,
12,0272      ,银河期货  ,124,-514,0169      ,兴业期货  ,915,0,0277      ,一德期货  ,679,-1,
13,0042      ,光大期货  ,114,108,0077      ,新湖期货  ,830,0,0272      ,银河期货  ,632,-13,
14,0034      ,方正中期  ,111,-151,0081      ,海通期货  ,805,1,0081      ,海通期货  ,622,4,
15,0298      ,东方财富  ,86,32,0048      ,长江期货  ,749,0,0298      ,东方财富  ,611,-86,
16,0311      ,兴证期货  ,77,-36,0275      ,鲁证期货  ,711,-4,0385      ,国富期货  ,592,-10,
17,0108      ,金汇期货  ,75,75,0073      ,东华期货  ,700,0,0274      ,中辉期货  ,563,-163,
18,0186      ,徽商期货  ,72,49,0007      ,东海期货  ,614,0,0299      ,华安期货  ,545,1,
19,0081      ,海通期货  ,71,-12,0034      ,方正中期  ,576,-4,0088      ,东亚期货  ,500,0,
20,0008      ,上海中期  ,67,-15,0047      ,迈科期货  ,570,1,0161      ,招商期货  ,500,0,
合计:al2003                        ,,,4860,-5613,,,27195,-81,,,25219,-377,
RANK1合约代码:al2004                        ,,,,,,,,,,
1,0148      ,中信期货  ,640,528,0308      ,国信期货  ,3250,0,0004      ,国泰君安  ,4964,-1,
2,0159      ,倍特期货  ,453,428,0148      ,中信期货  ,1460,-573,0139      ,中粮期货  ,2682,180,
3,0082      ,国投安信  ,396,357,0139      ,中粮期货  ,1153,0,0029      ,国海良时  ,2376,-143,
4,0103      ,永安期货  ,258,256,0082      ,国投安信  ,915,-298,0270      ,前海期货  ,630,0,
5,0272      ,银河期货  ,249,227,0069      ,申万期货  ,841,55,0116      ,首创期货  ,545,-75,
6,0069      ,申万期货  ,209,-151,0081      ,海通期货  ,701,0,0253      ,华泰期货  ,523,0,
7,0139      ,中粮期货  ,180,-276,0009      ,五矿经易  ,581,-1,0240      ,广发期货  ,293,-67,
8,0268      ,中信建投  ,180,174,0008      ,上海中期  ,549,-1,0028      ,通惠期货  ,277,0,
9,0274      ,中辉期货  ,144,-63,0116      ,首创期货  ,534,39,0077      ,新湖期货  ,205,0,
10,0029      ,国海良时  ,143,125,0034      ,方正中期  ,482,0,0254      ,冠通期货  ,200,0,
11,0115      ,新晟期货  ,133,47,0272      ,银河期货  ,478,100,0002      ,中钢期货  ,196,0,
12,0116      ,首创期货  ,116,-30,0007      ,东海期货  ,445,-1,0137      ,宏源期货  ,163,0,
13,0137      ,宏源期货  ,89,89,0275      ,鲁证期货  ,440,0,0272      ,银河期货  ,161,63,
14,0311      ,兴证期货  ,73,21,0254      ,冠通期货  ,242,0,0095      ,国金期货  ,155,0,
15,0240      ,广发期货  ,67,67,0159      ,倍特期货  ,222,197,0103      ,永安期货  ,153,130,
16,0328      ,天富期货  ,58,24,0253      ,华泰期货  ,207,52,0186      ,徽商期货  ,150,0,
17,0253      ,华泰期货  ,52,6,0048      ,长江期货  ,204,2,0069      ,申万期货  ,149,0,
18,0385      ,国富期货  ,41,-14,0103      ,永安期货  ,203,124,0051      ,华金期货  ,146,0,
19,0249      ,先融期货  ,40,40,0322      ,新纪元    ,199,0,0107      ,新世纪    ,127,0,
20,0089      ,金元期货  ,39,2,0385      ,国富期货  ,160,40,0138      ,先锋期货  ,98,0,
合计:al2004                        ,,,3560,1857,,,13266,-265,,,14193,87,
商品名称:锌                  ,合约代码:znall                         ,,,,,,,,,
,期货公司  ,期货公司  ,421940,-28156,期货公司  ,期货公司  ,248525,2724,期货公司  ,期货公司  ,250155,3264,
商品名称:锌                  ,合约代码:znall                         ,,,,,,,,,
,非期货公司,非期货公司,540,-1610,非期货公司,非期货公司,1630,540,非期货公司,非期货公司,0,0,
RANK1合约代码:zn1912                        ,,,,,,,,,,
1,0253      ,华泰期货  ,13749,-1228,0103      ,永安期货  ,3141,-307,0009      ,五矿经易  ,4304,-820,
2,0163      ,东证期货  ,6115,-96,0148      ,中信期货  ,2676,-1553,0103      ,永安期货  ,2914,-608,
3,0148      ,中信期货  ,6009,724,0009      ,五矿经易  ,2336,-410,0121      ,格林大华  ,2366,334,
4,0009      ,五矿经易  ,4092,-412,0003      ,建信期货  ,2274,267,0253      ,华泰期货  ,2283,454,
5,0277      ,一德期货  ,3711,-279,0049      ,金瑞期货  ,2202,-613,0096      ,南华期货  ,2195,-127,
6,0081      ,海通期货  ,2745,-571,0277      ,一德期货  ,1665,-532,0148      ,中信期货  ,1869,-222,
7,0077      ,新湖期货  ,2130,-873,0082      ,国投安信  ,1408,93,0095      ,国金期货  ,1619,-37,
8,0082      ,国投安信  ,1975,40,0139      ,中粮期货  ,1258,114,0277      ,一德期货  ,1598,-505,
9,0319      ,西部期货  ,1607,148,0047      ,迈科期货  ,1206,17,0006      ,华鑫期货  ,1381,75,
10,0320      ,大有期货  ,1406,-185,0059      ,瑞达期货  ,1140,-5,0139      ,中粮期货  ,1200,-249,
11,0103      ,永安期货  ,1257,-796,0272      ,银河期货  ,1135,-110,0240      ,广发期货  ,1166,-389,
12,0003      ,建信期货  ,854,-652,0136      ,信达期货  ,970,2,0081      ,海通期货  ,1000,7,
13,0139      ,中粮期货  ,835,206,0169      ,兴业期货  ,951,-45,0058      ,国贸期货  ,991,-37,
14,0308      ,国信期货  ,818,-240,0042      ,光大期货  ,928,31,0272      ,银河期货  ,915,-49,
15,0096      ,南华期货  ,781,53,0096      ,南华期货  ,846,-28,0134      ,大越期货  ,820,-19,
16,0049      ,金瑞期货  ,750,611,0372      ,中银国际  ,761,2,0025      ,铜冠金源  ,636,60,
17,0004      ,国泰君安  ,683,-108,0163      ,东证期货  ,743,-318,0320      ,大有期货  ,606,241,
18,0034      ,方正中期  ,643,-745,0253      ,华泰期货  ,627,-371,0125      ,中大期货  ,585,-59,
19,0116      ,首创期货  ,639,387,0311      ,兴证期货  ,588,-41,0003      ,建信期货  ,544,25,
20,0316      ,东兴期货  ,619,599,0274      ,中辉期货  ,496,-7,0163      ,东证期货  ,473,-83,
合计:zn1912                        ,,,51418,-3417,,,27351,-3814,,,29465,-2008,
RANK1合约代码:zn2001                        ,,,,,,,,,,
1,0253      ,华泰期货  ,44927,-2130,0148      ,中信期货  ,9326,326,0253      ,华泰期货  ,10241,-359,
2,0148      ,中信期货  ,20495,-1655,0308      ,国信期货  ,8182,75,0004      ,国泰君安  ,8440,556,
3,0311      ,兴证期货  ,16768,706,0253      ,华泰期货  ,4645,870,0009      ,五矿经易  ,6137,1467,
4,0163      ,东证期货  ,15375,180,0009      ,五矿经易  ,4445,239,0148      ,中信期货  ,5854,577,
5,0081      ,海通期货  ,15134,270,0272      ,银河期货  ,4097,230,0103      ,永安期货  ,5521,656,
6,0009      ,五矿经易  ,11752,-2187,0277      ,一德期货  ,3924,1272,0163      ,东证期货  ,4887,130,
7,0034      ,方正中期  ,10718,505,0103      ,永安期货  ,3517,-112,0082      ,国投安信  ,3897,-11,
8,0272      ,银河期货  ,7137,104,0047      ,迈科期货  ,3478,36,0081      ,海通期货  ,3892,1075,
9,0088      ,东亚期货  ,6422,434,0141      ,西南期货  ,3028,42,0077      ,新湖期货  ,3380,114,
10,0295      ,美尔雅    ,6220,1093,0088      ,东亚期货  ,2903,3,0311      ,兴证期货  ,3206,208,
11,0385      ,国富期货  ,5490,814,0159      ,倍特期货  ,2741,22,0047      ,迈科期货  ,2430,-301,
12,0096      ,南华期货  ,4112,962,0049      ,金瑞期货  ,2718,109,0034      ,方正中期  ,2395,-63,
13,0004      ,国泰君安  ,3740,-2077,0139      ,中粮期货  ,2609,157,0252      ,混沌天成  ,2281,-8,
14,0137      ,宏源期货  ,3520,197,0034      ,方正中期  ,2591,293,0272      ,银河期货  ,2157,161,
15,0274      ,中辉期货  ,3507,1685,0125      ,中大期货  ,2256,-740,0121      ,格林大华  ,2132,54,
16,0277      ,一德期货  ,3302,937,0095      ,国金期货  ,2236,69,0139      ,中粮期货  ,2130,45,
17,0006      ,华鑫期货  ,3285,986,0096      ,南华期货  ,2158,203,0240      ,广发期货  ,2027,-76,
18,0138      ,先锋期货  ,3156,635,0169      ,兴业期货  ,2113,94,0277      ,一德期货  ,1923,56,
19,0125      ,中大期货  ,3102,-479,0003      ,建信期货  ,1853,-484,0123      ,浙商期货  ,1904,-420,
20,0186      ,徽商期货  ,3096,-1236,0298      ,东方财富  ,1814,-23,0321      ,天风期货  ,1761,-27,
合计:zn2001                        ,,,191258,-256,,,70634,2681,,,76595,3834,
RANK1合约代码:zn2002                        ,,,,,,,,,,
1,0253      ,华泰期货  ,7615,-1291,0148      ,中信期货  ,9076,1314,0009      ,五矿经易  ,5077,-14,
2,0148      ,中信期货  ,6463,1159,0272      ,银河期货  ,3412,56,0123      ,浙商期货  ,3180,60,
3,0163      ,东证期货  ,4906,-1421,0088      ,东亚期货  ,3077,0,0253      ,华泰期货  ,3058,49,
4,0009      ,五矿经易  ,2728,-541,0047      ,迈科期货  ,2948,17,0134      ,大越期货  ,3000,-2,
5,0034      ,方正中期  ,1737,-141,0298      ,东方财富  ,2519,-12,0103      ,永安期货  ,2792,456,
6,0385      ,国富期货  ,1697,458,0003      ,建信期货  ,2428,-596,0004      ,国泰君安  ,2478,574,
7,0308      ,国信期货  ,1612,816,0163      ,东证期货  ,2259,-134,0148      ,中信期货  ,2102,-19,
8,0116      ,首创期货  ,1547,1512,0049      ,金瑞期货  ,2170,56,0277      ,一德期货  ,2079,-60,
9,0274      ,中辉期货  ,1319,585,0095      ,国金期货  ,2005,0,0116      ,首创期货  ,2001,133,
10,0081      ,海通期货  ,1094,-6,0009      ,五矿经易  ,1960,-64,0082      ,国投安信  ,1913,126,
11,0319      ,西部期货  ,1076,-212,0184      ,摩根大通  ,1833,0,0177      ,大地期货  ,1505,4,
12,0004      ,国泰君安  ,997,146,0058      ,国贸期货  ,1714,-530,0298      ,东方财富  ,1242,-134,
13,0298      ,东方财富  ,912,-571,0253      ,华泰期货  ,1580,550,0019      ,宝城期货  ,1174,-45,
14,0006      ,华鑫期货  ,879,671,0277      ,一德期货  ,1504,356,0034      ,方正中期  ,1104,-8,
15,0001      ,招金期货  ,816,650,0034      ,方正中期  ,1319,139,0081      ,海通期货  ,1084,45,
16,0103      ,永安期货  ,789,-203,0081      ,海通期货  ,1213,-85,0139      ,中粮期货  ,1084,40,
17,0013      ,中融汇信  ,771,285,0249      ,先融期货  ,1094,3,0333      ,盛达期货  ,1013,0,
18,0008      ,上海中期  ,655,-432,0096      ,南华期货  ,999,42,0008      ,上海中期  ,940,-28,
19,0048      ,长江期货  ,648,601,0240      ,广发期货  ,675,21,0240      ,广发期货  ,934,-7,
20,0003      ,建信期货  ,637,533,0137      ,宏源期货  ,555,-61,0343      ,中金期货  ,842,6,
合计:zn2002                        ,,,38898,2598,,,44340,1072,,,38602,1176,
RANK1合约代码:zn2003                        ,,,,,,,,,,
1,0034      ,方正中期  ,1522,-61,0095      ,国金期货  ,4365,32,0009      ,五矿经易  ,2301,-6,
2,0148      ,中信期货  ,1243,-200,0034      ,方正中期  ,2187,42,0103      ,永安期货  ,2227,-7,
3,0163      ,东证期货  ,1164,-795,0009      ,五矿经易  ,2128,-93,0298      ,东方财富  ,2223,55,
4,0253      ,华泰期货  ,1147,43,0088      ,东亚期货  ,1075,0,0134      ,大越期货  ,2000,0,
5,0298      ,东方财富  ,835,-207,0029      ,国海良时  ,1010,89,0177      ,大地期货  ,1316,11,
6,0177      ,大地期货  ,649,270,0003      ,建信期货  ,943,210,0011      ,东方期货  ,800,0,
7,0385      ,国富期货  ,614,-234,0298      ,东方财富  ,735,132,0277      ,一德期货  ,756,335,
8,0272      ,银河期货  ,571,-507,0253      ,华泰期货  ,581,67,0272      ,银河期货  ,748,-39,
9,0338      ,广州期货  ,540,-25,0123      ,浙商期货  ,568,27,0253      ,华泰期货  ,718,4,
10,0009      ,五矿经易  ,499,-304,0311      ,兴证期货  ,505,10,0123      ,浙商期货  ,709,3,
11,0319      ,西部期货  ,469,-15,0272      ,银河期货  ,450,46,0019      ,宝城期货  ,580,0,
12,0274      ,中辉期货  ,426,6,0163      ,东证期货  ,418,-75,0002      ,中钢期货  ,389,35,
13,0277      ,一德期货  ,424,380,0081      ,海通期货  ,409,12,0042      ,光大期货  ,363,3,
14,0004      ,国泰君安  ,401,-38,0116      ,首创期货  ,389,140,0148      ,中信期货  ,327,67,
15,0003      ,建信期货  ,388,139,0082      ,国投安信  ,248,6,0034      ,方正中期  ,279,138,
16,0081      ,海通期货  ,290,-58,0316      ,东兴期货  ,180,40,0163      ,东证期货  ,240,-25,
17,0288      ,平安期货  ,239,42,0320      ,大有期货  ,144,0,0240      ,广发期货  ,222,-5,
18,0096      ,南华期货  ,157,25,0148      ,中信期货  ,138,50,0137      ,宏源期货  ,218,62,
19,0116      ,首创期货  ,141,129,0137      ,宏源期货  ,122,5,0338      ,广州期货  ,180,20,
20,0137      ,宏源期货  ,139,-217,0049      ,金瑞期货  ,108,2,0081      ,海通期货  ,167,58,
合计:zn2003                        ,,,11858,-1627,,,16703,742,,,16763,709,
商品名称:铅                  ,合约代码:pball                         ,,,,,,,,,
,期货公司  ,期货公司  ,80766,-37858,期货公司  ,期货公司  ,57665,-287,期货公司  ,期货公司  ,57665,-287,
商品名称:铅                  ,合约代码:pball                         ,,,,,,,,,
,非期货公司,非期货公司,0,0,非期货公司,非期货公司,0,0,非期货公司,非期货公司,0,0,
RANK1合约代码:pb1912                        ,,,,,,,,,,
1,0081      ,海通期货  ,1417,-1187,0081      ,海通期货  ,1534,-93,0049      ,金瑞期货  ,1174,33,
2,0009      ,五矿经易  ,1367,-595,0034      ,方正中期  ,1331,209,0274      ,中辉期货  ,999,1,
3,0034      ,方正中期  ,906,-1027,0148      ,中信期货  ,1015,-33,0003      ,建信期货  ,834,-18,
4,0148      ,中信期货  ,876,-1609,0003      ,建信期货  ,761,-80,0148      ,中信期货  ,645,-595,
5,0004      ,国泰君安  ,767,-884,0272      ,银河期货  ,721,-169,0009      ,五矿经易  ,610,-29,
6,0116      ,首创期货  ,635,217,0096      ,南华期货  ,626,0,0077      ,新湖期货  ,601,-3,
7,0082      ,国投安信  ,501,-99,0082      ,国投安信  ,518,-182,0240      ,广发期货  ,469,6,
8,0163      ,东证期货  ,445,-179,0069      ,申万期货  ,516,30,0069      ,申万期货  ,462,-41,
9,0328      ,天富期货  ,430,-490,0059      ,瑞达期货  ,490,-183,0025      ,铜冠金源  ,429,-2,
10,0253      ,华泰期货  ,401,-580,0009      ,五矿经易  ,432,-48,0253      ,华泰期货  ,397,-23,
11,0272      ,银河期货  ,381,-17,0029      ,国海良时  ,403,0,0116      ,首创期货  ,390,229,
12,0319      ,西部期货  ,362,-534,0049      ,金瑞期货  ,379,-2,0103      ,永安期货  ,366,-26,
13,0271      ,渤海期货  ,332,330,0125      ,中大期货  ,310,0,0139      ,中粮期货  ,338,-75,
14,0238      ,安粮期货  ,308,48,0253      ,华泰期货  ,257,-8,0296      ,和融期货  ,297,-3,
15,0003      ,建信期货  ,264,-67,0178      ,弘业期货  ,253,-57,0058      ,国贸期货  ,291,-1,
16,0311      ,兴证期货  ,205,-564,0277      ,一德期货  ,243,47,0163      ,东证期货  ,284,-50,
17,0059      ,瑞达期货  ,185,114,0275      ,鲁证期货  ,202,0,0034      ,方正中期  ,238,-77,
18,0137      ,宏源期货  ,185,-89,0067      ,中财期货  ,198,18,0272      ,银河期货  ,234,-8,
19,0288      ,平安期货  ,173,29,0103      ,永安期货  ,135,-96,0257      ,华西期货  ,231,5,
20,0308      ,国信期货  ,172,-122,0240      ,广发期货  ,122,-21,0096      ,南华期货  ,202,-45,
合计:pb1912                        ,,,10312,-7305,,,10446,-668,,,9491,-722,
RANK1合约代码:pb2001                        ,,,,,,,,,,
1,0081      ,海通期货  ,11900,-4103,0009      ,五矿经易  ,3589,426,0148      ,中信期货  ,4238,443,
2,0148      ,中信期货  ,3508,-4650,0148      ,中信期货  ,3490,171,0081      ,海通期货  ,2622,243,
3,0163      ,东证期货  ,3081,-349,0272      ,银河期货  ,1488,207,0034      ,方正中期  ,2187,193,
4,0034      ,方正中期  ,2780,-1376,0081      ,海通期货  ,1124,-3269,0096      ,南华期货  ,2172,-52,
5,0009      ,五矿经易  ,2315,-230,0184      ,摩根大通  ,1079,0,0253      ,华泰期货  ,2158,43,
6,0311      ,兴证期货  ,2063,-1099,0004      ,国泰君安  ,1059,53,0103      ,永安期货  ,1960,-145,
7,0259      ,华闻期货  ,1803,-1430,0141      ,西南期货  ,1007,214,0372      ,中银国际  ,1691,-10,
8,0096      ,南华期货  ,1496,-1311,0275      ,鲁证期货  ,888,379,0311      ,兴证期货  ,1680,74,
9,0116      ,首创期货  ,1477,364,0259      ,华闻期货  ,874,141,0116      ,首创期货  ,1110,338,
10,0141      ,西南期货  ,1350,-484,0277      ,一德期货  ,814,93,0004      ,国泰君安  ,1098,5,
11,0253      ,华泰期货  ,1214,-584,0331      ,广金期货  ,810,261,0275      ,鲁证期货  ,837,-3,
12,0308      ,国信期货  ,1171,-233,0253      ,华泰期货  ,804,-47,0163      ,东证期货  ,785,-89,
13,0082      ,国投安信  ,1025,-352,0323      ,东吴期货  ,784,47,0059      ,瑞达期货  ,783,13,
14,0272      ,银河期货  ,989,-620,0163      ,东证期货  ,770,-360,0049      ,金瑞期货  ,713,29,
15,0295      ,美尔雅    ,928,-438,0178      ,弘业期货  ,770,207,0308      ,国信期货  ,708,5,
16,0049      ,金瑞期货  ,878,-870,0240      ,广发期货  ,764,81,0082      ,国投安信  ,616,13,
17,0025      ,铜冠金源  ,872,-356,0116      ,首创期货  ,746,177,0137      ,宏源期货  ,609,39,
18,0275      ,鲁证期货  ,846,-143,0096      ,南华期货  ,647,160,0288      ,平安期货  ,575,115,
19,0004      ,国泰君安  ,798,-365,0047      ,迈科期货  ,639,5,0069      ,申万期货  ,517,22,
20,0186      ,徽商期货  ,794,-146,0139      ,中粮期货  ,636,179,0295      ,美尔雅    ,421,-4,
合计:pb2001                        ,,,41288,-18775,,,22782,-875,,,27480,1272,
商品名称:镍                  ,合约代码:niall                         ,,,,,,,,,
,期货公司  ,期货公司  ,1631514,-194303,期货公司  ,期货公司  ,403010,8363,期货公司  ,期货公司  ,402293,8913,
商品名称:镍                  ,合约代码:niall                         ,,,,,,,,,
,非期货公司,非期货公司,550,-2495,非期货公司,非期货公司,2340,60,非期货公司,非期货公司,3057,-490,
RANK1合约代码:ni1912                        ,,,,,,,,,,
1,0253      ,华泰期货  ,7964,-4355,0169      ,兴业期货  ,4055,2,0049      ,金瑞期货  ,2263,23,
2,0148      ,中信期货  ,7491,-641,0004      ,国泰君安  ,2207,-116,0004      ,国泰君安  ,2166,-363,
3,0081      ,海通期货  ,4421,-451,0240      ,广发期货  ,2163,-21,0003      ,建信期货  ,1903,-182,
4,0163      ,东证期货  ,3775,-1134,0047      ,迈科期货  ,1949,-6,0081      ,海通期货  ,1632,-231,
5,0082      ,国投安信  ,3067,999,0081      ,海通期货  ,1782,-206,0103      ,永安期货  ,1461,77,
6,0042      ,光大期货  ,2728,1003,0148      ,中信期货  ,1695,-1115,0009      ,五矿经易  ,1412,-22,
7,0240      ,广发期货  ,2180,1470,0049      ,金瑞期货  ,1475,-29,0177      ,大地期货  ,1321,-11,
8,0319      ,西部期货  ,2121,-577,0272      ,银河期货  ,1431,-442,0082      ,国投安信  ,1269,752,
9,0308      ,国信期货  ,2056,38,0253      ,华泰期货  ,1385,-57,0253      ,华泰期货  ,1251,-1,
10,0009      ,五矿经易  ,1985,-699,0261      ,长城期货  ,1302,1,0240      ,广发期货  ,1242,-1329,
11,0272      ,银河期货  ,1826,489,0077      ,新湖期货  ,1225,-30,0148      ,中信期货  ,1197,-906,
12,0103      ,永安期货  ,1708,700,0009      ,五矿经易  ,1214,243,0163      ,东证期货  ,922,-72,
13,0034      ,方正中期  ,1600,581,0372      ,中银国际  ,735,-4,0096      ,南华期货  ,909,-89,
14,0069      ,申万期货  ,1554,390,0161      ,招商期货  ,713,7,0059      ,瑞达期货  ,895,-47,
15,0004      ,国泰君安  ,1391,-831,0034      ,方正中期  ,704,-435,0259      ,华闻期货  ,651,-393,
16,0276      ,华联期货  ,1150,957,0316      ,东兴期货  ,610,9,0277      ,一德期货  ,618,410,
17,0047      ,迈科期货  ,1141,46,0276      ,华联期货  ,596,-1014,0034      ,方正中期  ,611,283,
18,0299      ,华安期货  ,1026,69,0003      ,建信期货  ,584,-125,0272      ,银河期货  ,589,-48,
19,0320      ,大有期货  ,923,-334,0136      ,信达期货  ,537,-398,0271      ,渤海期货  ,554,-33,
20,0007      ,东海期货  ,919,727,0103      ,永安期货  ,435,-43,0123      ,浙商期货  ,536,-141,
合计:ni1912                        ,,,51026,-1553,,,26797,-3779,,,23402,-2323,
RANK1合约代码:ni2001                        ,,,,,,,,,,
1,0253      ,华泰期货  ,24119,-5519,0148      ,中信期货  ,13698,-3203,0103      ,永安期货  ,10290,-1170,
2,0148      ,中信期货  ,20170,-7657,0042      ,光大期货  ,7504,37,0003      ,建信期货  ,8092,-108,
3,0163      ,东证期货  ,11091,-3276,0096      ,南华期货  ,6013,-1261,0123      ,浙商期货  ,6093,-319,
4,0009      ,五矿经易  ,10196,488,0116      ,首创期货  ,5862,-113,0081      ,海通期货  ,4800,479,
5,0081      ,海通期货  ,8661,-1484,0003      ,建信期货  ,5238,460,0148      ,中信期货  ,4499,-391,
6,0082      ,国投安信  ,6092,-240,0272      ,银河期货  ,4581,-124,0009      ,五矿经易  ,3680,1608,
7,0308      ,国信期货  ,5852,-87,0169      ,兴业期货  ,3912,118,0059      ,瑞达期货  ,3173,-186,
8,0319      ,西部期货  ,4483,-3552,0009      ,五矿经易  ,2658,-10,0240      ,广发期货  ,2998,-198,
9,0259      ,华闻期货  ,3477,-1401,0316      ,东兴期货  ,2321,9,0034      ,方正中期  ,2919,-7,
10,0004      ,国泰君安  ,3232,-3040,0049      ,金瑞期货  ,2221,339,0042      ,光大期货  ,2629,349,
11,0275      ,鲁证期货  ,3094,13,0184      ,摩根大通  ,2191,-442,0004      ,国泰君安  ,2600,219,
12,0042      ,光大期货  ,3002,-4716,0088      ,东亚期货  ,2173,7,0082      ,国投安信  ,2558,82,
13,0272      ,银河期货  ,2942,-1737,0259      ,华闻期货  ,2056,1903,0019      ,宝城期货  ,2529,181,
14,0103      ,永安期货  ,2389,-2497,0121      ,格林大华  ,2001,16,0177      ,大地期货  ,2230,-9,
15,0096      ,南华期货  ,2298,1250,0240      ,广发期货  ,1934,399,0139      ,中粮期货  ,2223,-2,
16,0049      ,金瑞期货  ,2256,589,0069      ,申万期货  ,1881,87,0253      ,华泰期货  ,2187,769,
17,0034      ,方正中期  ,2029,-1287,0320      ,大有期货  ,1673,-554,0002      ,中钢期货  ,1864,-93,
18,0249      ,先融期货  ,1940,1498,0047      ,迈科期货  ,1572,8,0238      ,安粮期货  ,1672,-2,
19,0240      ,广发期货  ,1823,-182,0163      ,东证期货  ,1484,-395,0272      ,银河期货  ,1614,-438,
20,0186      ,徽商期货  ,1760,-883,0275      ,鲁证期货  ,1400,-178,0316      ,东兴期货  ,1510,2,
合计:ni2001                        ,,,120906,-33720,,,72373,-2897,,,70160,766,
RANK1合约代码:ni2002                        ,,,,,,,,,,
1,0148      ,中信期货  ,128502,6443,0148      ,中信期货  ,8884,2916,0148      ,中信期货  ,18299,4318,
2,0253      ,华泰期货  ,126652,-7057,0240      ,广发期货  ,7004,-353,0059      ,瑞达期货  ,8627,773,
3,0311      ,兴证期货  ,66500,10983,0003      ,建信期货  ,6793,167,0081      ,海通期货  ,8223,2940,
4,0034      ,方正中期  ,57095,-3777,0081      ,海通期货  ,6597,-1169,0058      ,国贸期货  ,8032,-12,
5,0004      ,国泰君安  ,54939,-2152,0139      ,中粮期货  ,6455,66,0103      ,永安期货  ,5576,-1366,
6,0082      ,国投安信  ,48523,5114,0004      ,国泰君安  ,6224,927,0123      ,浙商期货  ,5549,-218,
7,0186      ,徽商期货  ,41381,40,0008      ,上海中期  ,5277,441,0082      ,国投安信  ,5324,102,
8,0081      ,海通期货  ,40963,-14911,0308      ,国信期货  ,5056,2181,0134      ,大越期货  ,5174,53,
9,0163      ,东证期货  ,40758,-6702,0096      ,南华期货  ,4798,205,0253      ,华泰期货  ,4925,503,
10,0272      ,银河期货  ,32253,-4555,0009      ,五矿经易  ,4044,-113,0272      ,银河期货  ,4268,366,
11,0299      ,华安期货  ,30250,-1653,0103      ,永安期货  ,4044,311,0003      ,建信期货  ,3813,371,
12,0042      ,光大期货  ,22347,556,0272      ,银河期货  ,3835,401,0177      ,大地期货  ,3433,9,
13,0240      ,广发期货  ,22159,975,0163      ,东证期货  ,3604,1186,0034      ,方正中期  ,3256,422,
14,0295      ,美尔雅    ,20141,-6528,0069      ,申万期货  ,3303,-9,0136      ,信达期货  ,3200,1546,
15,0308      ,国信期货  ,19120,2090,0059      ,瑞达期货  ,3222,-1546,0240      ,广发期货  ,3080,108,
16,0009      ,五矿经易  ,18544,-879,0082      ,国投安信  ,3152,713,0385      ,国富期货  ,2632,-11,
17,0259      ,华闻期货  ,17542,-1154,0049      ,金瑞期货  ,3074,153,0052      ,山金期货  ,2490,-181,
18,0298      ,东方财富  ,17124,-533,0077      ,新湖期货  ,2883,0,0259      ,华闻期货  ,2401,2096,
19,0086      ,东航期货  ,14710,-1063,0169      ,兴业期货  ,2617,31,0311      ,兴证期货  ,2383,1058,
20,0274      ,中辉期货  ,14504,-956,0047      ,迈科期货  ,2593,52,0009      ,五矿经易  ,2101,159,
合计:ni2002                        ,,,834007,-25719,,,93459,6560,,,102786,13036,
RANK1合约代码:ni2003                        ,,,,,,,,,,
1,0163      ,东证期货  ,7562,-422,0081      ,海通期货  ,5696,-63,0081      ,海通期货  ,4616,22,
2,0148      ,中信期货  ,7310,398,0009      ,五矿经易  ,4923,-177,0134      ,大越期货  ,3501,-3,
3,0253      ,华泰期货  ,7139,-1773,0148      ,中信期货  ,2728,10,0103      ,永安期货  ,3089,-5,
4,0009      ,五矿经易  ,6009,-461,0240      ,广发期货  ,2492,170,0049      ,金瑞期货  ,2517,66,
5,0004      ,国泰君安  ,4319,380,0003      ,建信期货  ,2170,-772,0123      ,浙商期货  ,2509,15,
6,0081      ,海通期货  ,3341,12,0139      ,中粮期货  ,1638,-59,0277      ,一德期货  ,2189,-20,
7,0034      ,方正中期  ,2858,132,0103      ,永安期货  ,1190,-1,0009      ,五矿经易  ,1984,-230,
8,0042      ,光大期货  ,2319,-337,0163      ,东证期货  ,1176,152,0003      ,建信期货  ,1588,-5,
9,0059      ,瑞达期货  ,2158,176,0069      ,申万期货  ,1017,28,0257      ,华西期货  ,996,1,
10,0328      ,天富期货  ,2116,190,0272      ,银河期货  ,1006,66,0240      ,广发期货  ,977,-397,
11,0272      ,银河期货  ,1750,-305,0323      ,东吴期货  ,1000,44,0008      ,上海中期  ,965,-2,
12,0308      ,国信期货  ,1464,-60,0257      ,华西期货  ,990,45,0308      ,国信期货  ,865,-60,
13,0298      ,东方财富  ,1454,-1059,0372      ,中银国际  ,860,-224,0323      ,东吴期货  ,835,1,
14,0139      ,中粮期货  ,1447,196,0049      ,金瑞期货  ,849,-25,0321      ,天风期货  ,727,462,
15,0319      ,西部期货  ,1409,-177,0082      ,国投安信  ,769,-7,0253      ,华泰期货  ,700,31,
16,0082      ,国投安信  ,1212,-1593,0253      ,华泰期货  ,671,70,0177      ,大地期货  ,672,-1,
17,0240      ,广发期货  ,1047,-314,0047      ,迈科期货  ,580,-8,0082      ,国投安信  ,517,-101,
18,0029      ,国海良时  ,979,-4,0271      ,渤海期货  ,564,3,0385      ,国富期货  ,513,-48,
19,0003      ,建信期货  ,831,-291,0137      ,宏源期货  ,548,-66,0275      ,鲁证期货  ,478,59,
20,0137      ,宏源期货  ,800,58,0298      ,东方财富  ,521,125,0268      ,中信建投  ,469,22,
合计:ni2003                        ,,,57524,-5254,,,31388,-689,,,30707,-193,
RANK1合约代码:ni2004                        ,,,,,,,,,,
1,0034      ,方正中期  ,4984,3254,0148      ,中信期货  ,9183,11,0034      ,方正中期  ,6045,-3,
2,0148      ,中信期货  ,3644,821,0034      ,方正中期  ,7078,1,0009      ,五矿经易  ,3461,-215,
3,0004      ,国泰君安  ,2566,783,0003      ,建信期货  ,4850,29,0123      ,浙商期货  ,3263,11,
4,0163      ,东证期货  ,2194,-544,0123      ,浙商期货  ,2127,26,0137      ,宏源期货  ,2102,-126,
5,0042      ,光大期货  ,1145,-997,0042      ,光大期货  ,1829,310,0134      ,大越期货  ,2100,0,
6,0272      ,银河期货  ,1049,-296,0081      ,海通期货  ,1803,-194,0103      ,永安期货  ,1938,951,
7,0029      ,国海良时  ,992,468,0103      ,永安期货  ,1501,4,0240      ,广发期货  ,1679,19,
8,0103      ,永安期货  ,975,97,0259      ,华闻期货  ,1218,160,0253      ,华泰期货  ,1188,53,
9,0081      ,海通期货  ,945,60,0253      ,华泰期货  ,703,303,0257      ,华西期货  ,1160,0,
10,0253      ,华泰期货  ,784,-548,0116      ,首创期货  ,493,30,0323      ,东吴期货  ,1145,7,
11,0009      ,五矿经易  ,714,-425,0257      ,华西期货  ,442,0,0081      ,海通期货  ,1083,1,
12,0059      ,瑞达期货  ,640,284,0323      ,东吴期货  ,362,0,0029      ,国海良时  ,956,684,
13,0139      ,中粮期货  ,530,-165,0272      ,银河期货  ,306,2,0148      ,中信期货  ,824,1,
14,0319      ,西部期货  ,505,-150,0009      ,五矿经易  ,282,3,0268      ,中信建投  ,722,5,
15,0003      ,建信期货  ,489,489,0240      ,广发期货  ,246,7,0002      ,中钢期货  ,719,30,
16,0096      ,南华期货  ,454,118,0311      ,兴证期货  ,185,44,0004      ,国泰君安  ,652,5,
17,0030      ,恒泰期货  ,432,404,0073      ,东华期货  ,101,50,0298      ,东方财富  ,514,69,
18,0298      ,东方财富  ,411,-359,0082      ,国投安信  ,97,-1,0259      ,华闻期货  ,513,25,
19,0137      ,宏源期货  ,386,-1129,0321      ,天风期货  ,90,0,0321      ,天风期货  ,502,0,
20,0328      ,天富期货  ,380,-126,0238      ,安粮期货  ,72,0,0272      ,银河期货  ,399,-3,
合计:ni2004                        ,,,24219,2039,,,32968,785,,,30965,1514,
RANK1合约代码:ni2005                        ,,,,,,,,,,
1,0163      ,东证期货  ,1919,-352,0059      ,瑞达期货  ,6995,17,0059      ,瑞达期货  ,5856,1,
2,0034      ,方正中期  ,631,-106,0123      ,浙商期货  ,2128,48,0123      ,浙商期货  ,4254,16,
3,0009      ,五矿经易  ,591,-442,0121      ,格林大华  ,1758,-81,0134      ,大越期货  ,3003,-3,
4,0148      ,中信期货  ,533,-469,0009      ,五矿经易  ,1635,-143,0148      ,中信期货  ,2552,4,
5,0272      ,银河期货  ,502,-401,0240      ,广发期货  ,1628,-50,0103      ,永安期货  ,2137,5,
6,0253      ,华泰期货  ,459,-268,0003      ,建信期货  ,1462,-1,0081      ,海通期货  ,1783,-316,
7,0081      ,海通期货  ,443,-909,0081      ,海通期货  ,1387,-1,0002      ,中钢期货  ,1362,0,
8,0240      ,广发期货  ,433,-2,0148      ,中信期货  ,1324,17,0069      ,申万期货  ,1182,-6,
9,0328      ,天富期货  ,415,-101,0137      ,宏源期货  ,1018,-7,0009      ,五矿经易  ,904,-94,
10,0042      ,光大期货  ,356,-169,0139      ,中粮期货  ,977,7,0240      ,广发期货  ,904,215,
11,0004      ,国泰君安  ,345,26,0272      ,银河期货  ,870,22,0268      ,中信建投  ,782,0,
12,0096      ,南华期货  ,300,185,0045      ,华龙期货  ,836,-15,0116      ,首创期货  ,521,1,
13,0277      ,一德期货  ,298,-142,0103      ,永安期货  ,794,5,0067      ,中财期货  ,438,31,
14,0319      ,西部期货  ,275,-247,0004      ,国泰君安  ,641,39,0073      ,东华期货  ,420,30,
15,0259      ,华闻期货  ,264,92,0161      ,招商期货  ,588,1,0068      ,财达期货  ,320,0,
16,0288      ,平安期货  ,237,-7,0116      ,首创期货  ,587,4,0163      ,东证期货  ,266,62,
17,0298      ,东方财富  ,193,-43,0096      ,南华期货  ,582,7,0045      ,华龙期货  ,252,0,
18,0295      ,美尔雅    ,187,126,0082      ,国投安信  ,579,54,0003      ,建信期货  ,228,12,
19,0025      ,铜冠金源  ,171,-142,0253      ,华泰期货  ,469,80,0095      ,国金期货  ,187,15,
20,0137      ,宏源期货  ,168,-808,0323      ,东吴期货  ,444,-23,0323      ,东吴期货  ,183,9,
合计:ni2005                        ,,,8720,-4179,,,26702,-20,,,27534,-18,
商品名称:锡                  ,合约代码:snall                         ,,,,,,,,,
,期货公司  ,期货公司  ,40074,8440,期货公司  ,期货公司  ,25011,76,期货公司  ,期货公司  ,25011,76,
商品名称:锡                  ,合约代码:snall                         ,,,,,,,,,
,非期货公司,非期货公司,0,0,非期货公司,非期货公司,0,0,非期货公司,非期货公司,0,0,
RANK1合约代码:sn2001                        ,,,,,,,,,,
1,0081      ,海通期货  ,5491,1801,0049      ,金瑞期货  ,1948,-308,0121      ,格林大华  ,2257,-194,
2,0034      ,方正中期  ,2425,819,0004      ,国泰君安  ,1580,9,0148      ,中信期货  ,2155,-485,
3,0148      ,中信期货  ,2101,-190,0096      ,南华期货  ,1372,99,0116      ,首创期货  ,1428,4,
4,0253      ,华泰期货  ,1778,386,0163      ,东证期货  ,1227,-186,0311      ,兴证期货  ,852,26,
5,0163      ,东证期货  ,1149,-206,0034      ,方正中期  ,1168,-537,0184      ,摩根大通  ,653,-119,
6,0042      ,光大期货  ,1125,67,0009      ,五矿经易  ,1012,-7,0009      ,五矿经易  ,623,-9,
7,0272      ,银河期货  ,1034,262,0242      ,国都期货  ,731,-3,0163      ,东证期货  ,616,-125,
8,0319      ,西部期货  ,941,225,0042      ,光大期货  ,687,-7,0081      ,海通期货  ,556,31,
9,0295      ,美尔雅    ,900,201,0169      ,兴业期货  ,646,-4,0253      ,华泰期货  ,545,-207,
10,0096      ,南华期货  ,832,-37,0082      ,国投安信  ,587,41,0137      ,宏源期货  ,360,32,
11,0049      ,金瑞期货  ,753,586,0148      ,中信期货  ,584,-326,0004      ,国泰君安  ,357,-2,
12,0186      ,徽商期货  ,627,25,0320      ,大有期货  ,554,1,0103      ,永安期货  ,316,2,
13,0274      ,中辉期货  ,621,80,0315      ,云晨期货  ,425,-21,0240      ,广发期货  ,298,-54,
14,0311      ,兴证期货  ,576,81,0059      ,瑞达期货  ,332,26,0069      ,申万期货  ,294,11,
15,0308      ,国信期货  ,566,223,0277      ,一德期货  ,260,-57,0049      ,金瑞期货  ,286,-177,
16,0277      ,一德期货  ,526,196,0253      ,华泰期货  ,250,-3,0096      ,南华期货  ,280,-69,
17,0323      ,东吴期货  ,516,220,0311      ,兴证期货  ,241,-86,0343      ,中金期货  ,278,-36,
18,0082      ,国投安信  ,451,-143,0137      ,宏源期货  ,204,1,0308      ,国信期货  ,235,-2,
19,0299      ,华安期货  ,448,33,0240      ,广发期货  ,194,-25,0082      ,国投安信  ,204,-32,
20,0004      ,国泰君安  ,391,6,0077      ,新湖期货  ,188,-10,0268      ,中信建投  ,200,75,
合计:sn2001                        ,,,23251,4635,,,14190,-1403,,,12793,-1330,
商品名称:黄金                ,合约代码:auall                         ,,,,,,,,,
,期货公司  ,期货公司  ,385850,187335,期货公司  ,期货公司  ,132735,2238,期货公司  ,期货公司  ,88435,690,
商品名称:黄金                ,合约代码:auall                         ,,,,,,,,,
,非期货公司,非期货公司,28070,14393,非期货公司,非期货公司,97781,-5920,非期货公司,非期货公司,142081,-4372,
RANK1合约代码:au1912                        ,,,,,,,,,,
1,0081      ,海通期货  ,29402,6263,0004      ,国泰君安  ,2512,-354,0001      ,招金期货  ,2967,-400,
2,0308      ,国信期货  ,25581,13850,0103      ,永安期货  ,2216,-351,0082      ,国投安信  ,1295,27,
3,0163      ,东证期货  ,12838,6177,0148      ,中信期货  ,1410,-688,0081      ,海通期货  ,1080,-724,
4,0082      ,国投安信  ,8121,2447,0058      ,国贸期货  ,1407,-11,0253      ,华泰期货  ,831,-47,
5,0148      ,中信期货  ,6493,-2137,0288      ,平安期货  ,1321,-60,0148      ,中信期货  ,704,-305,
6,0009      ,五矿经易  ,4398,-33,0275      ,鲁证期货  ,1251,-453,0004      ,国泰君安  ,496,-113,
7,0274      ,中辉期货  ,3545,1584,0253      ,华泰期货  ,1210,-208,0308      ,国信期货  ,484,-31,
8,0004      ,国泰君安  ,3331,454,0082      ,国投安信  ,1067,-58,0163      ,东证期货  ,483,39,
9,0385      ,国富期货  ,2911,1220,0081      ,海通期货  ,998,-142,0272      ,银河期货  ,419,-4,
10,0240      ,广发期货  ,2338,1629,0003      ,建信期货  ,782,-28,0034      ,方正中期  ,383,19,
11,0013      ,中融汇信  ,2327,799,0034      ,方正中期  ,733,-42,0095      ,国金期货  ,364,-20,
12,0311      ,兴证期货  ,2213,-548,0001      ,招金期货  ,674,0,0311      ,兴证期货  ,364,67,
13,0253      ,华泰期货  ,2103,711,0271      ,渤海期货  ,663,-131,0003      ,建信期货  ,363,64,
14,0272      ,银河期货  ,1936,1046,0163      ,东证期货  ,643,-77,0096      ,南华期货  ,348,-136,
15,0103      ,永安期货  ,1721,1080,0105      ,金石期货  ,618,-6,0043      ,国元期货  ,324,7,
16,0298      ,东方财富  ,1542,664,0272      ,银河期货  ,581,-600,0136      ,信达期货  ,321,37,
17,0299      ,华安期货  ,1454,727,0177      ,大地期货  ,576,-4,0052      ,山金期货  ,315,-290,
18,0034      ,方正中期  ,1373,48,0121      ,格林大华  ,505,-23,0121      ,格林大华  ,311,13,
19,0323      ,东吴期货  ,1289,767,0343      ,中金期货  ,479,0,0137      ,宏源期货  ,298,-1,
20,0042      ,光大期货  ,1137,61,0136      ,信达期货  ,457,-26,0008      ,上海中期  ,294,126,
合计:au1912                        ,,,116053,36809,,,20103,-3262,,,12444,-1672,
RANK1合约代码:au2002                        ,,,,,,,,,,
1,0081      ,海通期货  ,35500,19996,0069      ,申万期货  ,2343,-413,0163      ,东证期货  ,2317,194,
2,0308      ,国信期货  ,19352,12834,0034      ,方正中期  ,2305,263,0034      ,方正中期  ,2087,2,
3,0148      ,中信期货  ,13629,10227,0103      ,永安期货  ,2205,998,0069      ,申万期货  ,1985,101,
4,0009      ,五矿经易  ,11466,9411,0272      ,银河期货  ,1910,1019,0025      ,铜冠金源  ,1556,2,
5,0163      ,东证期货  ,7765,3366,0163      ,东证期货  ,1580,49,0103      ,永安期货  ,1436,19,
6,0069      ,申万期货  ,6596,2926,0004      ,国泰君安  ,1547,227,0315      ,云晨期货  ,1266,71,
7,0082      ,国投安信  ,5259,2782,0081      ,海通期货  ,1381,24,0272      ,银河期货  ,1193,424,
8,0004      ,国泰君安  ,3673,1715,0139      ,中粮期货  ,1373,853,0004      ,国泰君安  ,1096,220,
9,0034      ,方正中期  ,3511,1578,0148      ,中信期货  ,1059,-148,0001      ,招金期货  ,932,165,
10,0298      ,东方财富  ,2861,1078,0096      ,南华期货  ,972,300,0148      ,中信期货  ,860,29,
11,0272      ,银河期货  ,2427,1488,0161      ,招商期货  ,693,6,0385      ,国富期货  ,640,124,
12,0385      ,国富期货  ,2427,1585,0240      ,广发期货  ,652,560,0052      ,山金期货  ,592,304,
13,0299      ,华安期货  ,2400,914,0067      ,中财期货  ,639,65,0007      ,东海期货  ,481,6,
14,0319      ,西部期货  ,2258,1057,0319      ,西部期货  ,618,13,0058      ,国贸期货  ,444,6,
15,0274      ,中辉期货  ,1976,1365,0288      ,平安期货  ,568,-56,0067      ,中财期货  ,421,355,
16,0137      ,宏源期货  ,1864,680,0042      ,光大期货  ,518,34,0121      ,格林大华  ,332,212,
17,0096      ,南华期货  ,1812,1230,0268      ,中信建投  ,507,24,0308      ,国信期货  ,300,42,
18,0186      ,徽商期货  ,1585,824,0253      ,华泰期货  ,439,16,0072      ,瑞奇期货  ,296,99,
19,0268      ,中信建投  ,1517,555,0001      ,招金期货  ,433,-213,0047      ,迈科期货  ,266,1,
20,0311      ,兴证期货  ,1483,957,0298      ,东方财富  ,424,-49,0081      ,海通期货  ,256,-472,
合计:au2002                        ,,,129361,76568,,,22166,3572,,,18756,1904,
RANK1合约代码:au2004                        ,,,,,,,,,,
1,0081      ,海通期货  ,1727,985,0148      ,中信期货  ,1792,-3,0268      ,中信建投  ,1310,-10,
2,0148      ,中信期货  ,891,112,0268      ,中信建投  ,1414,5,0163      ,东证期货  ,917,10,
3,0163      ,东证期货  ,878,373,0001      ,招金期货  ,940,46,0034      ,方正中期  ,904,0,
4,0319      ,西部期货  ,562,341,0034      ,方正中期  ,928,2,0069      ,申万期货  ,802,-4,
5,0272      ,银河期货  ,558,331,0069      ,申万期货  ,822,-10,0001      ,招金期货  ,713,29,
6,0328      ,天富期货  ,460,274,0163      ,东证期货  ,714,14,0008      ,上海中期  ,600,0,
7,0308      ,国信期货  ,409,226,0004      ,国泰君安  ,479,-4,0148      ,中信期货  ,597,10,
8,0008      ,上海中期  ,346,327,0002      ,中钢期货  ,402,0,0004      ,国泰君安  ,511,-1,
9,0047      ,迈科期货  ,335,185,0272      ,银河期货  ,345,-46,0139      ,中粮期货  ,351,14,
10,0034      ,方正中期  ,320,229,0047      ,迈科期货  ,212,29,0272      ,银河期货  ,303,-62,
11,0001      ,招金期货  ,307,161,0320      ,大有期货  ,200,0,0045      ,华龙期货  ,282,0,
12,0274      ,中辉期货  ,214,109,0253      ,华泰期货  ,176,-3,0315      ,云晨期货  ,220,20,
13,0069      ,申万期货  ,204,75,0081      ,海通期货  ,147,0,0047      ,迈科期货  ,208,30,
14,0121      ,格林大华  ,166,88,0308      ,国信期货  ,138,109,0121      ,格林大华  ,115,41,
15,0268      ,中信建投  ,147,87,0121      ,格林大华  ,117,41,0081      ,海通期货  ,73,11,
16,0298      ,东方财富  ,143,123,0311      ,兴证期货  ,88,0,0319      ,西部期货  ,68,48,
17,0323      ,东吴期货  ,100,64,0103      ,永安期货  ,56,0,0103      ,永安期货  ,51,-1,
18,0004      ,国泰君安  ,95,19,0240      ,广发期货  ,39,14,0019      ,宝城期货  ,34,34,
19,0096      ,南华期货  ,89,7,0096      ,南华期货  ,31,1,0095      ,国金期货  ,28,1,
20,0009      ,五矿经易  ,76,56,0157      ,中国国际  ,30,1,0259      ,华闻期货  ,20,2,
合计:au2004                        ,,,8027,4172,,,9070,196,,,8107,172,
RANK1合约代码:au2006                        ,,,,,,,,,,
1,0081      ,海通期货  ,14804,11111,0004      ,国泰君安  ,6287,37,0004      ,国泰君安  ,4579,10,
2,0308      ,国信期货  ,9079,6198,0081      ,海通期货  ,3778,-41,0076      ,道通期货  ,1900,0,
3,0148      ,中信期货  ,5033,1948,0148      ,中信期货  ,3626,542,0001      ,招金期货  ,1796,235,
4,0163      ,东证期货  ,4865,2606,0156      ,中衍期货  ,3064,13,0295      ,美尔雅    ,1755,1,
5,0082      ,国投安信  ,3819,2119,0288      ,平安期货  ,2361,-80,0016      ,上海大陆  ,1618,0,
6,0253      ,华泰期货  ,2095,718,0169      ,兴业期货  ,2165,344,0163      ,东证期货  ,1485,47,
7,0288      ,平安期货  ,1848,1344,0052      ,山金期货  ,1975,48,0049      ,金瑞期货  ,1440,1,
8,0240      ,广发期货  ,1843,1104,0316      ,东兴期货  ,1939,11,0385      ,国富期货  ,1437,-65,
9,0274      ,中辉期货  ,1803,1004,0016      ,上海大陆  ,1900,1270,0186      ,徽商期货  ,1289,-27,
10,0016      ,上海大陆  ,1560,1417,0163      ,东证期货  ,1898,-18,0082      ,国投安信  ,1104,338,
11,0238      ,安粮期货  ,1542,915,0253      ,华泰期货  ,1836,-1071,0274      ,中辉期货  ,1024,56,
12,0323      ,东吴期货  ,1433,727,0042      ,光大期货  ,1523,147,0077      ,新湖期货  ,898,10,
13,0280      ,山西三立  ,1381,738,0103      ,永安期货  ,1503,607,0008      ,上海中期  ,888,20,
14,0169      ,兴业期货  ,1261,1197,0009      ,五矿经易  ,1372,-197,0052      ,山金期货  ,826,-156,
15,0042      ,光大期货  ,1248,834,0069      ,申万期货  ,1220,2,0311      ,兴证期货  ,799,23,
16,0319      ,西部期货  ,1222,626,0003      ,建信期货  ,1121,-3,0343      ,中金期货  ,770,199,
17,0272      ,银河期货  ,1170,520,0299      ,华安期货  ,1017,14,0240      ,广发期货  ,749,123,
18,0311      ,兴证期货  ,1164,612,0161      ,招商期货  ,908,2,0148      ,中信期货  ,716,69,
19,0034      ,方正中期  ,1042,474,0272      ,银河期货  ,818,15,0059      ,瑞达期货  ,690,-27,
20,0096      ,南华期货  ,981,560,0308      ,国信期货  ,786,-43,0272      ,银河期货  ,624,27,
合计:au2006                        ,,,59193,36772,,,41097,1599,,,26387,884,
商品名称:白银                ,合约代码:agall                         ,,,,,,,,,
,期货公司  ,期货公司  ,2137782,919232,期货公司  ,期货公司  ,524210,519,期货公司  ,期货公司  ,384124,4517,
商品名称:白银                ,合约代码:agall                         ,,,,,,,,,
,非期货公司,非期货公司,52650,10422,非期货公司,非期货公司,181723,-2792,非期货公司,非期货公司,321809,-6790,
RANK1合约代码:ag1912                        ,,,,,,,,,,
1,0081      ,海通期货  ,50639,17477,0139      ,中粮期货  ,7198,-40,0163      ,东证期货  ,7501,469,
2,0308      ,国信期货  ,27759,9090,0148      ,中信期货  ,6351,-273,0081      ,海通期货  ,7404,-521,
3,0148      ,中信期货  ,26877,11304,0253      ,华泰期货  ,4447,-585,0004      ,国泰君安  ,7286,-2398,
4,0163      ,东证期货  ,15159,2588,0004      ,国泰君安  ,4135,-648,0003      ,建信期货  ,5473,-94,
5,0082      ,国投安信  ,10783,3472,0277      ,一德期货  ,3886,-348,0103      ,永安期货  ,5326,-533,
6,0253      ,华泰期货  ,9504,4305,0272      ,银河期货  ,3827,-430,0148      ,中信期货  ,3915,-676,
7,0298      ,东方财富  ,8799,2720,0275      ,鲁证期货  ,3687,-151,0058      ,国贸期货  ,3509,144,
8,0096      ,南华期货  ,6903,3316,0058      ,国贸期货  ,3607,134,0277      ,一德期货  ,2988,223,
9,0385      ,国富期货  ,5771,1870,0327      ,中原期货  ,3187,-3,0116      ,首创期货  ,2966,3,
10,0137      ,宏源期货  ,5580,2361,0003      ,建信期货  ,3088,-98,0049      ,金瑞期货  ,2334,22,
11,0049      ,金瑞期货  ,5416,3648,0163      ,东证期货  ,3062,-20,0253      ,华泰期货  ,2302,327,
12,0004      ,国泰君安  ,5002,1750,0240      ,广发期货  ,2828,-402,0272      ,银河期货  ,2125,-307,
13,0059      ,瑞达期货  ,4996,2248,0153      ,海证期货  ,2811,-97,0288      ,平安期货  ,1969,-13,
14,0034      ,方正中期  ,4959,2445,0082      ,国投安信  ,2808,-324,0139      ,中粮期货  ,1838,159,
15,0272      ,银河期货  ,4189,-805,0034      ,方正中期  ,2591,-398,0315      ,云晨期货  ,1707,-14,
16,0138      ,先锋期货  ,4055,2422,0009      ,五矿经易  ,2590,-491,0069      ,申万期货  ,1639,-25,
17,0151      ,创元期货  ,3875,821,0169      ,兴业期货  ,2481,-1155,0268      ,中信建投  ,1359,232,
18,0042      ,光大期货  ,3768,1602,0177      ,大地期货  ,2125,-105,0177      ,大地期货  ,1279,193,
19,0029      ,国海良时  ,3762,3339,0161      ,招商期货  ,2113,-41,0025      ,铜冠金源  ,1231,-119,
20,0003      ,建信期货  ,3760,2068,0288      ,平安期货  ,2062,-359,0372      ,中银国际  ,1227,8,
合计:ag1912                        ,,,211556,78041,,,68884,-5834,,,65378,-2920,
RANK1合约代码:ag2002                        ,,,,,,,,,,
1,0081      ,海通期货  ,378606,145532,0103      ,永安期货  ,16393,3019,0148      ,中信期货  ,17944,304,
2,0148      ,中信期货  ,139175,46660,0096      ,南华期货  ,15059,2124,0058      ,国贸期货  ,10338,-24,
3,0308      ,国信期货  ,76660,43448,0137      ,宏源期货  ,11992,4163,0295      ,美尔雅    ,9287,2293,
4,0238      ,安粮期货  ,72841,46225,0082      ,国投安信  ,11886,131,0139      ,中粮期货  ,7377,170,
5,0163      ,东证期货  ,53045,22287,0081      ,海通期货  ,8190,1525,0137      ,宏源期货  ,6791,1028,
6,0298      ,东方财富  ,51942,20283,0148      ,中信期货  ,7821,2083,0096      ,南华期货  ,6416,-238,
7,0001      ,招金期货  ,31127,20867,0077      ,新湖期货  ,7041,778,0253      ,华泰期货  ,6027,427,
8,0034      ,方正中期  ,30557,17745,0163      ,东证期货  ,6347,385,0238      ,安粮期货  ,5470,2288,
9,0082      ,国投安信  ,28253,17996,0240      ,广发期货  ,6113,164,0298      ,东方财富  ,5338,2985,
10,0299      ,华安期货  ,27008,10636,0034      ,方正中期  ,6073,1892,0077      ,新湖期货  ,5288,870,
11,0186      ,徽商期货  ,26839,8863,0272      ,银河期货  ,5078,464,0034      ,方正中期  ,4635,1513,
12,0069      ,申万期货  ,26306,13382,0014      ,锦泰期货  ,4369,-217,0004      ,国泰君安  ,4615,1535,
13,0385      ,国富期货  ,25138,12846,0069      ,申万期货  ,4272,1822,0014      ,锦泰期货  ,4306,-218,
14,0253      ,华泰期货  ,24276,11253,0315      ,云晨期货  ,4043,10,0240      ,广发期货  ,4234,-433,
15,0088      ,东亚期货  ,23593,10511,0253      ,华泰期货  ,3925,-5,0177      ,大地期货  ,4214,-354,
16,0103      ,永安期货  ,22036,14410,0316      ,东兴期货  ,3793,-1070,0048      ,长江期货  ,3941,1362,
17,0323      ,东吴期货  ,18304,7216,0275      ,鲁证期货  ,3721,116,0268      ,中信建投  ,3923,3327,
18,0004      ,国泰君安  ,18165,7658,0313      ,中州期货  ,3686,3166,0163      ,东证期货  ,3828,294,
19,0096      ,南华期货  ,17696,6874,0009      ,五矿经易  ,3525,53,0009      ,五矿经易  ,3517,306,
20,0272      ,银河期货  ,17303,4291,0298      ,东方财富  ,3470,-1307,0275      ,鲁证期货  ,3455,256,
合计:ag2002                        ,,,1108870,488983,,,136797,19296,,,120944,17691,
RANK1合约代码:ag2004                        ,,,,,,,,,,
1,0081      ,海通期货  ,9888,4528,0009      ,五矿经易  ,4672,-12,0009      ,五矿经易  ,4659,0,
2,0163      ,东证期货  ,5455,1585,0096      ,南华期货  ,3909,55,0096      ,南华期货  ,3815,54,
3,0148      ,中信期货  ,4917,1656,0268      ,中信建投  ,3483,2,0268      ,中信建投  ,3471,7,
4,0272      ,银河期货  ,4321,1117,0298      ,东方财富  ,3287,360,0048      ,长江期货  ,3050,-1067,
5,0298      ,东方财富  ,4121,1528,0048      ,长江期货  ,3208,-1038,0014      ,锦泰期货  ,2924,2,
6,0096      ,南华期货  ,3907,1880,0014      ,锦泰期货  ,2923,2,0077      ,新湖期货  ,2800,-207,
7,0308      ,国信期货  ,3820,1953,0077      ,新湖期货  ,2809,-208,0137      ,宏源期货  ,2461,-1280,
8,0009      ,五矿经易  ,3322,1273,0137      ,宏源期货  ,2456,-1307,0272      ,银河期货  ,2172,-1660,
9,0137      ,宏源期货  ,2835,-93,0272      ,银河期货  ,2359,-1643,0177      ,大地期货  ,2123,231,
10,0048      ,长江期货  ,2821,1461,0240      ,广发期货  ,2213,96,0008      ,上海中期  ,1603,1,
11,0328      ,天富期货  ,2507,-476,0177      ,大地期货  ,2121,227,0163      ,东证期货  ,771,-63,
12,0001      ,招金期货  ,1978,992,0315      ,云晨期货  ,1994,12,0275      ,鲁证期货  ,594,-4,
13,0319      ,西部期货  ,1743,284,0253      ,华泰期货  ,1004,-40,0298      ,东方财富  ,534,-57,
14,0253      ,华泰期货  ,1388,394,0081      ,海通期货  ,882,50,0327      ,中原期货  ,463,-2,
15,0004      ,国泰君安  ,1335,433,0163      ,东证期货  ,825,-4,0001      ,招金期货  ,324,4,
16,0082      ,国投安信  ,1140,469,0275      ,鲁证期货  ,795,12,0274      ,中辉期货  ,259,15,
17,0014      ,锦泰期货  ,986,533,0288      ,平安期货  ,468,-145,0004      ,国泰君安  ,232,20,
18,0323      ,东吴期货  ,638,134,0103      ,永安期货  ,357,41,0148      ,中信期货  ,187,18,
19,0288      ,平安期货  ,574,254,0001      ,招金期货  ,324,0,0240      ,广发期货  ,174,3,
20,0268      ,中信建投  ,571,169,0034      ,方正中期  ,291,-34,0103      ,永安期货  ,150,38,
合计:ag2004                        ,,,58267,20074,,,40380,-3574,,,32766,-3947,
RANK1合约代码:ag2006                        ,,,,,,,,,,
1,0081      ,海通期货  ,21857,8800,0156      ,中衍期货  ,9403,0,0004      ,国泰君安  ,9098,2374,
2,0308      ,国信期货  ,14248,8234,0253      ,华泰期货  ,7566,125,0148      ,中信期货  ,5880,-184,
3,0163      ,东证期货  ,13216,6363,0004      ,国泰君安  ,5971,55,0240      ,广发期货  ,5286,308,
4,0148      ,中信期货  ,11722,6534,0034      ,方正中期  ,5181,-58,0277      ,一德期货  ,5181,3,
5,0096      ,南华期货  ,5246,2628,0148      ,中信期货  ,5075,524,0058      ,国贸期货  ,3485,17,
6,0082      ,国投安信  ,4894,1714,0316      ,东兴期货  ,5027,27,0177      ,大地期货  ,2932,583,
7,0001      ,招金期货  ,4052,2047,0082      ,国投安信  ,4235,244,0077      ,新湖期货  ,2253,0,
8,0004      ,国泰君安  ,3983,1461,0103      ,永安期货  ,3708,167,0025      ,铜冠金源  ,2233,9,
9,0298      ,东方财富  ,3706,744,0240      ,广发期货  ,3610,142,0311      ,兴证期货  ,1928,101,
10,0385      ,国富期货  ,3262,493,0081      ,海通期货  ,3378,222,0082      ,国投安信  ,1629,2,
11,0003      ,建信期货  ,3143,2346,0186      ,徽商期货  ,3283,-14,0049      ,金瑞期货  ,1577,42,
12,0319      ,西部期货  ,3022,1154,0277      ,一德期货  ,3034,23,0298      ,东方财富  ,1555,-663,
13,0272      ,银河期货  ,2932,1673,0163      ,东证期货  ,2761,543,0163      ,东证期货  ,1500,213,
14,0288      ,平安期货  ,2471,1048,0003      ,建信期货  ,2691,98,0008      ,上海中期  ,1367,54,
15,0151      ,创元期货  ,2436,1502,0295      ,美尔雅    ,2289,-209,0372      ,中银国际  ,1361,6,
16,0034      ,方正中期  ,2210,1424,0272      ,银河期货  ,2128,277,0067      ,中财期货  ,1355,-9,
17,0253      ,华泰期货  ,2165,418,0268      ,中信建投  ,2053,2,0157      ,中国国际  ,1349,1,
18,0069      ,申万期货  ,2141,1391,0096      ,南华期货  ,1957,-1121,0059      ,瑞达期货  ,1229,22,
19,0323      ,东吴期货  ,2086,1671,0157      ,中国国际  ,1920,412,0009      ,五矿经易  ,1210,-363,
20,0029      ,国海良时  ,2073,1100,0161      ,招商期货  ,1692,212,0081      ,海通期货  ,1171,-77,
合计:ag2006                        ,,,110865,52745,,,76962,1671,,,53579,2439,
商品名称:螺纹钢              ,合约代码:rball                         ,,,,,,,,,
,期货公司  ,期货公司  ,6006362,1740842,期货公司  ,期货公司  ,2290423,26582,期货公司  ,期货公司  ,2280023,21582,
商品名称:螺纹钢              ,合约代码:rball                         ,,,,,,,,,
,非期货公司,非期货公司,5000,5000,非期货公司,非期货公司,0,0,非期货公司,非期货公司,10400,5000,
RANK1合约代码:rb2001                        ,,,,,,,,,,
1,0081      ,海通期货  ,330885,64585,0103      ,永安期货  ,105048,-3969,0103      ,永安期货  ,140707,-12425,
2,0148      ,中信期货  ,262972,86923,0148      ,中信期货  ,66525,2147,0272      ,银河期货  ,62243,-12338,
3,0272      ,银河期货  ,248019,130179,0253      ,华泰期货  ,57108,6384,0081      ,海通期货  ,60408,4487,
4,0163      ,东证期货  ,223788,50323,0009      ,五矿经易  ,50355,3496,0274      ,中辉期货  ,54077,5769,
5,0103      ,永安期货  ,145990,67746,0081      ,海通期货  ,44302,-10538,0123      ,浙商期货  ,52736,3896,
6,0004      ,国泰君安  ,131537,45384,0058      ,国贸期货  ,43820,-1906,0004      ,国泰君安  ,47200,4513,
7,0034      ,方正中期  ,127770,48322,0163      ,东证期货  ,42323,-7750,0034      ,方正中期  ,45706,2969,
8,0042      ,光大期货  ,124817,41781,0034      ,方正中期  ,41217,8283,0148      ,中信期货  ,38677,7173,
9,0082      ,国投安信  ,111212,63142,0069      ,申万期货  ,40138,7964,0163      ,东证期货  ,37281,1402,
10,0088      ,东亚期货  ,105007,63779,0004      ,国泰君安  ,39985,3516,0096      ,南华期货  ,36304,1581,
11,0253      ,华泰期货  ,100239,11444,0311      ,兴证期货  ,38572,6977,0069      ,申万期货  ,34142,-1156,
12,0186      ,徽商期货  ,99679,38278,0096      ,南华期货  ,38091,3805,0059      ,瑞达期货  ,33233,6693,
13,0280      ,山西三立  ,96392,54675,0272      ,银河期货  ,36451,-4915,0253      ,华泰期货  ,32806,767,
14,0069      ,申万期货  ,95826,16410,0240      ,广发期货  ,32956,8136,0009      ,五矿经易  ,28806,1034,
15,0311      ,兴证期货  ,93453,47302,0177      ,大地期货  ,28997,319,0007      ,东海期货  ,27675,-4215,
16,0009      ,五矿经易  ,89150,3520,0082      ,国投安信  ,28721,8829,0019      ,宝城期货  ,27162,6356,
17,0385      ,国富期货  ,88146,-12296,0277      ,一德期货  ,28403,-12682,0311      ,兴证期货  ,27135,-242,
18,0008      ,上海中期  ,83788,8705,0123      ,浙商期货  ,27960,-3413,0322      ,新纪元    ,26813,1286,
19,0259      ,华闻期货  ,75476,12641,0002      ,中钢期货  ,26465,1574,0058      ,国贸期货  ,25133,-4504,
20,0274      ,中辉期货  ,71863,15671,0007      ,东海期货  ,25506,-2096,0186      ,徽商期货  ,24677,1352,
合计:rb2001                        ,,,2706009,858514,,,842943,14161,,,862921,14398,
RANK1合约代码:rb2005                        ,,,,,,,,,,
1,0081      ,海通期货  ,112299,4775,0103      ,永安期货  ,44801,127,0103      ,永安期货  ,63322,5410,
2,0103      ,永安期货  ,44527,1830,0148      ,中信期货  ,44417,4753,0007      ,东海期货  ,33544,-2128,
3,0148      ,中信期货  ,41469,1261,0125      ,中大期货  ,39849,290,0058      ,国贸期货  ,31404,2354,
4,0272      ,银河期货  ,40018,19499,0004      ,国泰君安  ,37428,900,0277      ,一德期货  ,31166,2585,
5,0163      ,东证期货  ,38055,1613,0007      ,东海期货  ,24864,-564,0272      ,银河期货  ,26532,8463,
6,0004      ,国泰君安  ,23658,-2259,0272      ,银河期货  ,23589,-8929,0009      ,五矿经易  ,26356,-430,
7,0253      ,华泰期货  ,22013,437,0009      ,五矿经易  ,22477,-1814,0177      ,大地期货  ,24077,-139,
8,0009      ,五矿经易  ,18244,4660,0163      ,东证期货  ,21185,-1477,0274      ,中辉期货  ,19118,273,
9,0034      ,方正中期  ,18167,-3549,0034      ,方正中期  ,17342,-5316,0148      ,中信期货  ,17457,-1488,
10,0274      ,中辉期货  ,17627,7024,0042      ,光大期货  ,17288,1760,0163      ,东证期货  ,15944,-1720,
11,0082      ,国投安信  ,15654,5026,0081      ,海通期货  ,13422,997,0034      ,方正中期  ,15551,-767,
12,0385      ,国富期货  ,15469,1121,0059      ,瑞达期货  ,13050,1919,0321      ,天风期货  ,14803,-335,
13,0308      ,国信期货  ,15164,6308,0271      ,渤海期货  ,12316,502,0096      ,南华期货  ,14429,-28,
14,0240      ,广发期货  ,15107,5129,0277      ,一德期货  ,11105,898,0081      ,海通期货  ,13900,832,
15,0259      ,华闻期货  ,13305,6980,0275      ,鲁证期货  ,10519,-434,0137      ,宏源期货  ,12710,3040,
16,0319      ,西部期货  ,12224,3820,0096      ,南华期货  ,9744,1006,0019      ,宝城期货  ,12591,81,
17,0069      ,申万期货  ,12123,343,0082      ,国投安信  ,9700,687,0253      ,华泰期货  ,12232,-805,
18,0277      ,一德期货  ,11845,-9618,0308      ,国信期货  ,9649,3640,0042      ,光大期货  ,11739,372,
19,0137      ,宏源期货  ,11751,-1430,0123      ,浙商期货  ,9296,-172,0161      ,招商期货  ,11412,-1820,
20,0275      ,鲁证期货  ,11564,1088,0253      ,华泰期货  ,9095,412,0178      ,弘业期货  ,10210,-788,
合计:rb2005                        ,,,510283,54058,,,401136,-815,,,418497,12962,
商品名称:热轧卷板            ,合约代码:hcall                         ,,,,,,,,,
,期货公司  ,期货公司  ,585970,28886,期货公司  ,期货公司  ,444527,5436,期货公司  ,期货公司  ,440277,5436,
商品名称:热轧卷板            ,合约代码:hcall                         ,,,,,,,,,
,非期货公司,非期货公司,0,0,非期货公司,非期货公司,0,0,非期货公司,非期货公司,4250,0,
RANK1合约代码:hc2001                        ,,,,,,,,,,
1,0081      ,海通期货  ,81422,7869,0148      ,中信期货  ,27972,147,0034      ,方正中期  ,24386,-6138,
2,0163      ,东证期货  ,36423,-795,0103      ,永安期货  ,19322,-2496,0272      ,银河期货  ,19451,4104,
3,0148      ,中信期货  ,31193,2722,0004      ,国泰君安  ,17915,630,0103      ,永安期货  ,18806,158,
4,0034      ,方正中期  ,17649,1258,0311      ,兴证期货  ,11797,1827,0253      ,华泰期货  ,13506,-48,
5,0004      ,国泰君安  ,16136,258,0123      ,浙商期货  ,11744,43,0321      ,天风期货  ,13391,-737,
6,0311      ,兴证期货  ,15763,6075,0277      ,一德期货  ,11130,89,0277      ,一德期货  ,13308,5093,
7,0272      ,银河期货  ,13876,3253,0272      ,银河期货  ,11086,-130,0004      ,国泰君安  ,12051,-284,
8,0082      ,国投安信  ,12117,4423,0253      ,华泰期货  ,9851,-298,0007      ,东海期货  ,10573,-462,
9,0042      ,光大期货  ,11471,2779,0081      ,海通期货  ,9010,2402,0163      ,东证期货  ,8532,2558,
10,0253      ,华泰期货  ,9172,-1504,0163      ,东证期货  ,8957,-897,0081      ,海通期货  ,7365,-1650,
11,0067      ,中财期货  ,8902,2451,0169      ,兴业期货  ,8639,100,0178      ,弘业期货  ,6370,198,
12,0385      ,国富期货  ,8387,551,0082      ,国投安信  ,7901,370,0073      ,东华期货  ,6172,276,
13,0308      ,国信期货  ,8068,2226,0178      ,弘业期货  ,7704,-4,0274      ,中辉期货  ,6148,-9,
14,0277      ,一德期货  ,7754,3181,0259      ,华闻期货  ,7379,293,0311      ,兴证期货  ,5979,-1236,
15,0103      ,永安期货  ,7052,-2194,0034      ,方正中期  ,7147,2005,0148      ,中信期货  ,5790,-1328,
16,0049      ,金瑞期货  ,6704,3476,0125      ,中大期货  ,6554,-664,0186      ,徽商期货  ,5283,-74,
17,0274      ,中辉期货  ,5749,3878,0059      ,瑞达期货  ,6264,11,0067      ,中财期货  ,5146,-2426,
18,0009      ,五矿经易  ,5714,839,0058      ,国贸期货  ,5724,345,0082      ,国投安信  ,4916,193,
19,0186      ,徽商期货  ,5674,-39,0137      ,宏源期货  ,5630,153,0009      ,五矿经易  ,4679,-364,
20,0096      ,南华期货  ,5222,788,0240      ,广发期货  ,5059,177,0139      ,中粮期货  ,4659,-5,
合计:hc2001                        ,,,314448,41495,,,206785,4103,,,196511,-2181,
RANK1合约代码:hc2005                        ,,,,,,,,,,
1,0081      ,海通期货  ,28021,6578,0148      ,中信期货  ,19548,363,0007      ,东海期货  ,22039,606,
2,0163      ,东证期货  ,11260,-1015,0103      ,永安期货  ,13644,309,0034      ,方正中期  ,11917,1931,
3,0034      ,方正中期  ,5633,1927,0125      ,中大期货  ,6057,139,0321      ,天风期货  ,11524,1812,
4,0148      ,中信期货  ,5001,-345,0004      ,国泰君安  ,5494,-1182,0067      ,中财期货  ,5604,1533,
5,0082      ,国投安信  ,4828,2160,0082      ,国投安信  ,5292,90,0272      ,银河期货  ,5215,-981,
6,0059      ,瑞达期货  ,4528,-542,0034      ,方正中期  ,4688,510,0081      ,海通期货  ,4383,2880,
7,0259      ,华闻期货  ,4363,1038,0151      ,创元期货  ,3959,6,0275      ,鲁证期货  ,3676,123,
8,0308      ,国信期货  ,3315,1079,0009      ,五矿经易  ,3951,74,0004      ,国泰君安  ,3626,-46,
9,0004      ,国泰君安  ,3062,-377,0081      ,海通期货  ,3546,299,0163      ,东证期货  ,3327,-141,
10,0385      ,国富期货  ,2815,294,0059      ,瑞达期货  ,3239,1643,0148      ,中信期货  ,3201,-588,
11,0067      ,中财期货  ,2357,-1646,0042      ,光大期货  ,3106,274,0082      ,国投安信  ,2720,208,
12,0103      ,永安期货  ,2028,-712,0253      ,华泰期货  ,3068,35,0308      ,国信期货  ,2566,977,
13,0321      ,天风期货  ,1993,-3446,0372      ,中银国际  ,2662,1,0019      ,宝城期货  ,2409,17,
14,0253      ,华泰期货  ,1975,-99,0272      ,银河期货  ,2534,29,0277      ,一德期货  ,2137,-82,
15,0107      ,新世纪    ,1887,1299,0123      ,浙商期货  ,2450,-38,0069      ,申万期货  ,2065,138,
16,0048      ,长江期货  ,1795,-275,0141      ,西南期货  ,2407,787,0306      ,红塔期货  ,2030,0,
17,0240      ,广发期货  ,1753,1214,0095      ,国金期货  ,2254,20,0103      ,永安期货  ,1993,75,
18,0272      ,银河期货  ,1710,-2105,0274      ,中辉期货  ,2170,35,0059      ,瑞达期货  ,1911,-2263,
19,0001      ,招金期货  ,1644,919,0277      ,一德期货  ,2051,4,0058      ,国贸期货  ,1790,0,
20,0042      ,光大期货  ,1487,-47,0240      ,广发期货  ,2018,-38,0137      ,宏源期货  ,1759,179,
合计:hc2005                        ,,,91455,5899,,,94138,3360,,,95892,6378,
商品名称:燃料油              ,合约代码:fuall                         ,,,,,,,,,
,期货公司  ,期货公司  ,2674078,-652796,期货公司  ,期货公司  ,875286,-42782,期货公司  ,期货公司  ,875346,-42782,
商品名称:燃料油              ,合约代码:fuall                         ,,,,,,,,,
,非期货公司,非期货公司,0,-20,非期货公司,非期货公司,60,0,非期货公司,非期货公司,0,0,
RANK1合约代码:fu1912                        ,,,,,,,,,,
1,0019      ,宝城期货  ,2,-2,0308      ,国信期货  ,5,0,0069      ,申万期货  ,6,1,
2,0069      ,申万期货  ,1,-9,0082      ,国投安信  ,2,0,0240      ,广发期货  ,2,0,
3,0186      ,徽商期货  ,1,0,0034      ,方正中期  ,1,0,0019      ,宝城期货  ,1,0,
4,0257      ,华西期货  ,1,1,0159      ,倍特期货  ,1,0,0257      ,华西期货  ,1,1,
5,0313      ,中州期货  ,1,1,0178      ,弘业期货  ,1,0,0298      ,东方财富  ,1,0,
6,,,,,0238      ,安粮期货  ,1,0,,,,,
合计:fu1912                        ,,,6,-9,,,11,0,,,11,2,
RANK1合约代码:fu2001                        ,,,,,,,,,,
1,0253      ,华泰期货  ,307005,-46456,0186      ,徽商期货  ,15234,-1959,0148      ,中信期货  ,31548,-2561,
2,0148      ,中信期货  ,160457,-35222,0034      ,方正中期  ,13751,304,0103      ,永安期货  ,30276,-5081,
3,0385      ,国富期货  ,145564,-12533,0272      ,银河期货  ,12833,-1252,0272      ,银河期货  ,26593,-1980,
4,0311      ,兴证期货  ,133435,-31092,0298      ,东方财富  ,9873,-1743,0253      ,华泰期货  ,22571,515,
5,0163      ,东证期货  ,86088,-18773,0103      ,永安期货  ,9740,-1037,0082      ,国投安信  ,15422,-2499,
6,0081      ,海通期货  ,84682,-13652,0268      ,中信建投  ,9478,-549,0029      ,国海良时  ,14005,-424,
7,0186      ,徽商期货  ,66449,-6237,0299      ,华安期货  ,9143,-530,0081      ,海通期货  ,12841,-440,
8,0058      ,国贸期货  ,55506,26113,0240      ,广发期货  ,8839,-1702,0372      ,中银国际  ,12614,-961,
9,0298      ,东方财富  ,46722,-13004,0148      ,中信期货  ,8722,-1030,0004      ,国泰君安  ,10233,-3006,
10,0268      ,中信建投  ,39827,-5265,0004      ,国泰君安  ,8360,-154,0163      ,东证期货  ,10146,-58,
11,0323      ,东吴期货  ,39577,-11116,0163      ,东证期货  ,8262,118,0034      ,方正中期  ,9791,-588,
12,0034      ,方正中期  ,38506,-43966,0253      ,华泰期货  ,7871,-1264,0385      ,国富期货  ,7176,-180,
13,0319      ,西部期货  ,37566,-16449,0275      ,鲁证期货  ,6983,-682,0275      ,鲁证期货  ,5530,-378,
14,0004      ,国泰君安  ,37528,-11059,0042      ,光大期货  ,6972,166,0311      ,兴证期货  ,5322,5,
15,0299      ,华安期货  ,36496,-14257,0081      ,海通期货  ,6874,-962,0299      ,华安期货  ,4870,-374,
16,0042      ,光大期货  ,33748,-4168,0069      ,申万期货  ,6864,-2233,0069      ,申万期货  ,4804,712,
17,0272      ,银河期货  ,29426,-23405,0137      ,宏源期货  ,6790,-347,0123      ,浙商期货  ,4538,-6038,
18,0082      ,国投安信  ,28940,-7100,0082      ,国投安信  ,6619,165,0240      ,广发期货  ,4495,-789,
19,0069      ,申万期货  ,28881,-7823,0016      ,上海大陆  ,5587,940,0321      ,天风期货  ,4461,-123,
20,0103      ,永安期货  ,28160,-17281,0096      ,南华期货  ,5378,119,0137      ,宏源期货  ,4286,89,
合计:fu2001                        ,,,1464563,-312745,,,174173,-13632,,,241522,-24159,
RANK1合约代码:fu2003                        ,,,,,,,,,,
1,0253      ,华泰期货  ,23022,-3609,0253      ,华泰期货  ,15910,915,0082      ,国投安信  ,26416,-27,
2,0047      ,迈科期货  ,13591,-2014,0082      ,国投安信  ,9397,-1275,0372      ,中银国际  ,12682,0,
3,0081      ,海通期货  ,12212,2088,0004      ,国泰君安  ,8912,-435,0253      ,华泰期货  ,12108,41,
4,0328      ,天富期货  ,8027,-2092,0327      ,中原期货  ,7509,-15,0081      ,海通期货  ,11163,-329,
5,0034      ,方正中期  ,6497,-213,0019      ,宝城期货  ,7175,1225,0004      ,国泰君安  ,7616,-36,
6,0008      ,上海中期  ,5314,486,0008      ,上海中期  ,4814,372,0148      ,中信期货  ,7583,-31,
7,0327      ,中原期货  ,4790,-415,0103      ,永安期货  ,4382,-48,0327      ,中原期货  ,7420,15,
8,0272      ,银河期货  ,4331,-823,0081      ,海通期货  ,4184,901,0019      ,宝城期货  ,6835,1317,
9,0004      ,国泰君安  ,3485,-3587,0148      ,中信期货  ,3407,13,0272      ,银河期货  ,4782,-1120,
10,0082      ,国投安信  ,3188,1039,0069      ,申万期货  ,3368,806,0034      ,方正中期  ,4218,-498,
11,0096      ,南华期货  ,3037,634,0272      ,银河期货  ,2788,-735,0008      ,上海中期  ,3668,690,
12,0148      ,中信期货  ,2940,-2977,0029      ,国海良时  ,2450,-926,0103      ,永安期货  ,2106,1,
13,0019      ,宝城期货  ,2792,-683,0007      ,东海期货  ,2169,892,0271      ,渤海期货  ,1948,-500,
14,0298      ,东方财富  ,2689,-387,0047      ,迈科期货  ,1768,111,0029      ,国海良时  ,1739,-2,
15,0163      ,东证期货  ,2526,-631,0034      ,方正中期  ,1763,-17,0385      ,国富期货  ,1555,0,
16,0103      ,永安期货  ,2009,-1203,0157      ,中国国际  ,1527,-72,0277      ,一德期货  ,1000,1000,
17,0069      ,申万期货  ,1831,-588,0321      ,天风期货  ,1484,-55,0240      ,广发期货  ,800,23,
18,0259      ,华闻期货  ,1591,1134,0268      ,中信建投  ,1461,925,0058      ,国贸期货  ,522,2,
19,0277      ,一德期货  ,1556,371,0072      ,瑞奇期货  ,1417,36,0136      ,信达期货  ,504,-2,
20,0319      ,西部期货  ,1413,-160,0139      ,中粮期货  ,1248,-172,0343      ,中金期货  ,401,0,
合计:fu2003                        ,,,106841,-13630,,,87133,2446,,,115066,544,
RANK1合约代码:fu2004                        ,,,,,,,,,,
1,0148      ,中信期货  ,4298,881,0253      ,华泰期货  ,12067,146,0253      ,华泰期货  ,11838,-68,
2,0253      ,华泰期货  ,4272,123,0082      ,国投安信  ,7410,0,0081      ,海通期货  ,7728,734,
3,0047      ,迈科期货  ,2382,-577,0327      ,中原期货  ,7407,-59,0082      ,国投安信  ,7409,-1,
4,0328      ,天富期货  ,2276,288,0019      ,宝城期货  ,7340,-31,0327      ,中原期货  ,7390,-60,
5,0034      ,方正中期  ,2249,636,0081      ,海通期货  ,4754,732,0019      ,宝城期货  ,7367,-31,
6,0081      ,海通期货  ,1892,452,0349      ,德盛期货  ,3967,-45,0148      ,中信期货  ,6010,6,
7,0008      ,上海中期  ,1694,454,0004      ,国泰君安  ,3245,3,0372      ,中银国际  ,4516,0,
8,0019      ,宝城期货  ,1552,109,0316      ,东兴期货  ,2704,0,0004      ,国泰君安  ,4209,2,
9,0004      ,国泰君安  ,1263,38,0008      ,上海中期  ,2062,-629,0008      ,上海中期  ,2056,-629,
10,0163      ,东证期货  ,827,-233,0007      ,东海期货  ,2010,300,0272      ,银河期货  ,1009,0,
11,0327      ,中原期货  ,823,59,0137      ,宏源期货  ,1094,-84,0047      ,迈科期货  ,511,107,
12,0096      ,南华期货  ,703,249,0034      ,方正中期  ,680,-498,0259      ,华闻期货  ,124,-6,
13,0157      ,中国国际  ,672,656,0271      ,渤海期货  ,663,0,0013      ,中融汇信  ,74,24,
14,0259      ,华闻期货  ,593,418,0372      ,中银国际  ,609,4,0321      ,天风期货  ,72,-5,
15,0319      ,西部期货  ,590,-35,0047      ,迈科期货  ,518,109,0138      ,先锋期货  ,67,-62,
16,0013      ,中融汇信  ,579,-109,0272      ,银河期货  ,465,0,0161      ,招商期货  ,65,-10,
17,0082      ,国投安信  ,497,-106,0240      ,广发期货  ,404,98,0274      ,中辉期货  ,55,55,
18,0007      ,东海期货  ,302,300,0288      ,平安期货  ,392,-51,0311      ,兴证期货  ,51,41,
19,0288      ,平安期货  ,279,123,0058      ,国贸期货  ,373,0,0186      ,徽商期货  ,39,19,
20,0138      ,先锋期货  ,219,35,0121      ,格林大华  ,276,0,0163      ,东证期货  ,29,-10,
合计:fu2004                        ,,,27962,3761,,,58440,-5,,,60619,106,
RANK1合约代码:fu2005                        ,,,,,,,,,,
1,0253      ,华泰期货  ,35467,-10146,0272      ,银河期货  ,16122,707,0272      ,银河期货  ,36887,153,
2,0148      ,中信期货  ,18036,-2048,0103      ,永安期货  ,13729,88,0082      ,国投安信  ,35632,-579,
3,0163      ,东证期货  ,16299,-7344,0069      ,申万期货  ,13685,199,0148      ,中信期货  ,31038,3566,
4,0272      ,银河期货  ,14486,-1730,0029      ,国海良时  ,12723,-241,0372      ,中银国际  ,22584,976,
5,0081      ,海通期货  ,13957,-9324,0253      ,华泰期货  ,11205,-187,0103      ,永安期货  ,21428,2400,
6,0082      ,国投安信  ,11919,315,0262      ,英大期货  ,9735,-51,0081      ,海通期货  ,11666,-321,
7,0103      ,永安期货  ,11890,-3428,0240      ,广发期货  ,8267,-632,0004      ,国泰君安  ,10126,130,
8,0034      ,方正中期  ,10687,60,0148      ,中信期货  ,8254,200,0253      ,华泰期货  ,8564,148,
9,0186      ,徽商期货  ,9505,-8252,0034      ,方正中期  ,7855,-1137,0343      ,中金期货  ,8151,22,
10,0385      ,国富期货  ,8095,-387,0186      ,徽商期货  ,6937,-287,0275      ,鲁证期货  ,7724,-183,
11,0298      ,东方财富  ,7145,-2695,0004      ,国泰君安  ,6499,915,0240      ,广发期货  ,7557,144,
12,0288      ,平安期货  ,6077,-8088,0288      ,平安期货  ,5474,-174,0058      ,国贸期货  ,5482,-496,
13,0096      ,南华期货  ,5833,-724,0139      ,中粮期货  ,5290,-66,0059      ,瑞达期货  ,5239,-945,
14,0271      ,渤海期货  ,5747,-317,0096      ,南华期货  ,4858,74,0007      ,东海期货  ,4423,229,
15,0004      ,国泰君安  ,5631,-5827,0042      ,光大期货  ,4480,699,0034      ,方正中期  ,4021,-1204,
16,0299      ,华安期货  ,4906,-5412,0299      ,华安期货  ,4345,-74,0029      ,国海良时  ,3787,-21,
17,0259      ,华闻期货  ,4555,-2647,0163      ,东证期货  ,4153,885,0349      ,德盛期货  ,3690,1,
18,0069      ,申万期货  ,4459,-7953,0019      ,宝城期货  ,4028,154,0271      ,渤海期货  ,3637,12,
19,0008      ,上海中期  ,3624,-1341,0157      ,中国国际  ,3990,257,0003      ,建信期货  ,3535,13,
20,0009      ,五矿经易  ,3442,-4877,0123      ,浙商期货  ,3914,-229,0136      ,信达期货  ,2962,-103,
合计:fu2005                        ,,,201760,-82165,,,155543,1100,,,238133,3942,
商品名称:石油沥青            ,合约代码:buall                         ,,,,,,,,,
,期货公司  ,期货公司  ,387272,-423794,期货公司  ,期货公司  ,234720,-6059,期货公司  ,期货公司  ,248220,-6059,
商品名称:石油沥青            ,合约代码:buall                         ,,,,,,,,,
,非期货公司,非期货公司,0,0,非期货公司,非期货公司,13500,0,非期货公司,非期货公司,0,0,
RANK1合约代码:bu1912                        ,,,,,,,,,,
1,0081      ,海通期货  ,52237,-24756,0004      ,国泰君安  ,9869,-124,0253      ,华泰期货  ,7410,-457,
2,0148      ,中信期货  ,23747,-31829,0151      ,创元期货  ,5115,-55,0148      ,中信期货  ,6435,-254,
3,0311      ,兴证期货  ,20169,-18144,0272      ,银河期货  ,5073,40,0103      ,永安期货  ,5471,-54,
4,0163      ,东证期货  ,17836,-10159,0103      ,永安期货  ,4893,-447,0272      ,银河期货  ,5244,140,
5,0069      ,申万期货  ,15894,-15612,0271      ,渤海期货  ,4485,-57,0077      ,新湖期货  ,5049,29,
6,0077      ,新湖期货  ,9313,-9011,0253      ,华泰期货  ,4245,-216,0311      ,兴证期货  ,4802,-1692,
7,0186      ,徽商期货  ,7523,-5423,0148      ,中信期货  ,3895,-633,0034      ,方正中期  ,4341,223,
8,0254      ,冠通期货  ,7452,151,0081      ,海通期货  ,3415,-910,0069      ,申万期货  ,4293,535,
9,0272      ,银河期货  ,6488,-23281,0186      ,徽商期货  ,3175,33,0082      ,国投安信  ,3532,-379,
10,0268      ,中信建投  ,5918,-1168,0268      ,中信建投  ,2942,-857,0081      ,海通期货  ,3519,-737,
11,0323      ,东吴期货  ,5346,-10043,0123      ,浙商期货  ,2787,110,0086      ,东航期货  ,3345,-1411,
12,0004      ,国泰君安  ,5214,-6333,0069      ,申万期货  ,2731,-271,0163      ,东证期货  ,2912,89,
13,0385      ,国富期货  ,4906,-6820,0240      ,广发期货  ,2628,-10,0004      ,国泰君安  ,2728,160,
14,0253      ,华泰期货  ,4611,-6772,0323      ,东吴期货  ,2419,-461,0263      ,长安期货  ,2542,48,
15,0240      ,广发期货  ,4024,-4655,0333      ,盛达期货  ,2413,12,0048      ,长江期货  ,2500,564,
16,0082      ,国投安信  ,3972,-3316,0311      ,兴证期货  ,2161,775,0151      ,创元期货  ,2445,-725,
17,0042      ,光大期货  ,3863,-2472,0052      ,山金期货  ,2141,-260,0137      ,宏源期货  ,2124,1,
18,0151      ,创元期货  ,3778,-5024,0034      ,方正中期  ,2137,-133,0268      ,中信建投  ,2124,335,
19,0299      ,华安期货  ,3613,-5145,0082      ,国投安信  ,2059,-343,0159      ,倍特期货  ,1860,676,
20,0137      ,宏源期货  ,3053,-8932,0277      ,一德期货  ,1982,-127,0029      ,国海良时  ,1847,68,
合计:bu1912                        ,,,208957,-198744,,,70565,-3934,,,74523,-2841,
RANK1合约代码:bu2006                        ,,,,,,,,,,
1,0081      ,海通期货  ,8351,-4359,0103      ,永安期货  ,11327,-279,0103      ,永安期货  ,10716,-1066,
2,0048      ,长江期货  ,5073,690,0272      ,银河期货  ,10318,501,0089      ,金元期货  ,8071,-18,
3,0272      ,银河期货  ,4034,-7868,0123      ,浙商期货  ,5391,-41,0253      ,华泰期货  ,6052,11,
4,0103      ,永安期货  ,3665,-2235,0240      ,广发期货  ,3350,153,0004      ,国泰君安  ,4692,-268,
5,0163      ,东证期货  ,3541,-4433,0004      ,国泰君安  ,3080,-112,0271      ,渤海期货  ,4537,-12,
6,0148      ,中信期货  ,2877,-2322,0277      ,一德期货  ,2988,15,0184      ,摩根大通  ,3860,0,
7,0298      ,东方财富  ,2283,-1089,0009      ,五矿经易  ,2933,94,0333      ,盛达期货  ,3344,815,
8,0186      ,徽商期货  ,2223,-3499,0069      ,申万期货  ,2924,214,0048      ,长江期货  ,3279,2037,
9,0034      ,方正中期  ,2181,-266,0333      ,盛达期货  ,2697,9,0148      ,中信期货  ,3177,116,
10,0254      ,冠通期货  ,1919,-207,0148      ,中信期货  ,2667,107,0272      ,银河期货  ,2734,-255,
11,0004      ,国泰君安  ,1874,-2176,0163      ,东证期货  ,2470,147,0067      ,中财期货  ,2303,156,
12,0137      ,宏源期货  ,1852,-1089,0321      ,天风期货  ,2441,48,0321      ,天风期货  ,2300,-4,
13,0299      ,华安期货  ,1850,-1812,0262      ,英大期货  ,1903,96,0082      ,国投安信  ,1914,505,
14,0253      ,华泰期货  ,1768,-2597,0249      ,先融期货  ,1891,13,0277      ,一德期货  ,1841,638,
15,0159      ,倍特期货  ,1748,1322,0275      ,鲁证期货  ,1826,72,0343      ,中金期货  ,1769,69,
16,0308      ,国信期货  ,1690,-269,0153      ,海证期货  ,1811,-4,0159      ,倍特期货  ,1721,1560,
17,0333      ,盛达期货  ,1570,-2261,0186      ,徽商期货  ,1779,-93,0034      ,方正中期  ,1662,352,
18,0069      ,申万期货  ,1547,-1963,0034      ,方正中期  ,1695,403,0186      ,徽商期货  ,1659,-72,
19,0082      ,国投安信  ,1482,-713,0082      ,国投安信  ,1651,65,0134      ,大越期货  ,1503,-210,
20,0151      ,创元期货  ,1363,-1560,0121      ,格林大华  ,1632,52,0003      ,建信期货  ,1328,26,
合计:bu2006                        ,,,52891,-38706,,,66774,1460,,,68462,4380,
商品名称:天然橡胶            ,合约代码:ruall                         ,,,,,,,,,
,期货公司  ,期货公司  ,431074,41224,期货公司  ,期货公司  ,244728,562,期货公司  ,期货公司  ,244028,462,
商品名称:天然橡胶            ,合约代码:ruall                         ,,,,,,,,,
,非期货公司,非期货公司,100,100,非期货公司,非期货公司,0,0,非期货公司,非期货公司,700,100,
RANK1合约代码:ru2001                        ,,,,,,,,,,
1,0081      ,海通期货  ,43104,2284,0253      ,华泰期货  ,5109,145,0148      ,中信期货  ,16094,-325,
2,0163      ,东证期货  ,28999,2967,0082      ,国投安信  ,4317,98,0103      ,永安期货  ,8944,233,
3,0148      ,中信期货  ,22856,-2733,0103      ,永安期货  ,4281,-109,0082      ,国投安信  ,8506,-24,
4,0311      ,兴证期货  ,15408,7004,0372      ,中银国际  ,4242,45,0081      ,海通期货  ,7202,64,
5,0034      ,方正中期  ,14154,5864,0148      ,中信期货  ,4090,-485,0163      ,东证期货  ,6974,-316,
6,0004      ,国泰君安  ,11194,990,0081      ,海通期货  ,3868,-30,0123      ,浙商期货  ,5249,42,
7,0009      ,五矿经易  ,8782,1014,0034      ,方正中期  ,3484,-2,0253      ,华泰期货  ,4937,99,
8,0058      ,国贸期货  ,8414,-465,0240      ,广发期货  ,3140,-81,0125      ,中大期货  ,4600,11,
9,0042      ,光大期货  ,7432,-768,0272      ,银河期货  ,3140,384,0004      ,国泰君安  ,4481,-189,
10,0288      ,平安期货  ,7324,2470,0004      ,国泰君安  ,3039,-107,0272      ,银河期货  ,3729,-178,
11,0272      ,银河期货  ,6514,-1756,0123      ,浙商期货  ,2980,-95,0308      ,国信期货  ,3586,71,
12,0049      ,金瑞期货  ,5829,3220,0163      ,东证期货  ,2762,155,0034      ,方正中期  ,2890,-90,
13,0253      ,华泰期货  ,5664,-1481,0042      ,光大期货  ,2617,-110,0311      ,兴证期货  ,2827,-339,
14,0186      ,徽商期货  ,5536,1051,0009      ,五矿经易  ,2556,-189,0096      ,南华期货  ,2298,-350,
15,0123      ,浙商期货  ,5193,380,0274      ,中辉期货  ,2376,-72,0077      ,新湖期货  ,2034,-165,
16,0013      ,中融汇信  ,5140,1913,0069      ,申万期货  ,2361,-82,0268      ,中信建投  ,1848,-39,
17,0161      ,招商期货  ,4289,550,0186      ,徽商期货  ,2085,74,0139      ,中粮期货  ,1782,-2,
18,0299      ,华安期货  ,4253,969,0096      ,南华期货  ,2014,207,0137      ,宏源期货  ,1675,-22,
19,0069      ,申万期货  ,4205,1029,0125      ,中大期货  ,1996,-79,0009      ,五矿经易  ,1448,23,
20,0385      ,国富期货  ,3723,-373,0311      ,兴证期货  ,1899,-299,0042      ,光大期货  ,1442,190,
合计:ru2001                        ,,,218013,24129,,,62356,-632,,,92546,-1306,
RANK1合约代码:ru2005                        ,,,,,,,,,,
1,0081      ,海通期货  ,12735,1751,0103      ,永安期货  ,3836,-47,0082      ,国投安信  ,8425,13,
2,0163      ,东证期货  ,8547,2042,0009      ,五矿经易  ,3057,126,0148      ,中信期货  ,6966,2,
3,0148      ,中信期货  ,5627,513,0272      ,银河期货  ,2763,-36,0272      ,银河期货  ,5485,24,
4,0253      ,华泰期货  ,3611,789,0253      ,华泰期货  ,2647,-14,0004      ,国泰君安  ,5206,-18,
5,0385      ,国富期货  ,3227,999,0148      ,中信期货  ,2618,-17,0240      ,广发期货  ,4809,87,
6,0009      ,五矿经易  ,3187,1011,0123      ,浙商期货  ,2444,3,0163      ,东证期货  ,4693,40,
7,0320      ,大有期货  ,2721,647,0042      ,光大期货  ,2436,272,0081      ,海通期货  ,4673,35,
8,0274      ,中辉期货  ,2527,1335,0177      ,大地期货  ,2169,13,0103      ,永安期货  ,4129,121,
9,0186      ,徽商期货  ,2524,1213,0096      ,南华期货  ,2160,-78,0008      ,上海中期  ,3281,7,
10,0034      ,方正中期  ,2229,165,0134      ,大越期货  ,2147,35,0177      ,大地期货  ,3258,65,
11,0308      ,国信期货  ,2096,68,0240      ,广发期货  ,2085,-44,0059      ,瑞达期货  ,3046,-111,
12,0048      ,长江期货  ,2052,245,0034      ,方正中期  ,2064,123,0003      ,建信期货  ,2686,115,
13,0319      ,西部期货  ,1989,587,0277      ,一德期货  ,2053,76,0058      ,国贸期货  ,2394,2,
14,0315      ,云晨期货  ,1617,1060,0139      ,中粮期货  ,1980,-3,0123      ,浙商期货  ,2241,8,
15,0082      ,国投安信  ,1507,-9,0019      ,宝城期货  ,1894,0,0009      ,五矿经易  ,1958,-23,
16,0004      ,国泰君安  ,1485,151,0004      ,国泰君安  ,1738,-9,0311      ,兴证期货  ,1893,38,
17,0121      ,格林大华  ,1345,907,0082      ,国投安信  ,1738,30,0067      ,中财期货  ,1476,-20,
18,0103      ,永安期货  ,1324,182,0029      ,国海良时  ,1693,24,0096      ,南华期货  ,1332,19,
19,0275      ,鲁证期货  ,1271,414,0081      ,海通期货  ,1577,-148,0320      ,大有期货  ,1305,-11,
20,0272      ,银河期货  ,1256,199,0186      ,徽商期货  ,1559,-219,0253      ,华泰期货  ,1282,1,
合计:ru2005                        ,,,62877,14269,,,44658,87,,,70538,394,
RANK1合约代码:ru2009                        ,,,,,,,,,,
1,0163      ,东证期货  ,500,135,0134      ,大越期货  ,1135,-3,0372      ,中银国际  ,3974,0,
2,0328      ,天富期货  ,332,88,0052      ,山金期货  ,841,-25,0082      ,国投安信  ,2095,2,
3,0272      ,银河期货  ,311,54,0103      ,永安期货  ,818,-21,0009      ,五矿经易  ,1022,0,
4,0148      ,中信期货  ,281,-166,0163      ,东证期货  ,567,1,0121      ,格林大华  ,759,-58,
5,0034      ,方正中期  ,268,-61,0139      ,中粮期货  ,555,-3,0253      ,华泰期货  ,478,-4,
6,0002      ,中钢期货  ,216,174,0059      ,瑞达期货  ,550,1,0029      ,国海良时  ,451,1,
7,0274      ,中辉期货  ,183,75,0004      ,国泰君安  ,530,1,0019      ,宝城期货  ,339,0,
8,0009      ,五矿经易  ,166,51,0067      ,中财期货  ,509,0,0096      ,南华期货  ,332,22,
9,0186      ,徽商期货  ,135,95,0081      ,海通期货  ,474,8,0240      ,广发期货  ,329,-4,
10,0042      ,光大期货  ,124,-4,0240      ,广发期货  ,442,-16,0088      ,东亚期货  ,310,0,
11,0096      ,南华期货  ,122,-66,0096      ,南华期货  ,396,2,0002      ,中钢期货  ,278,-82,
12,0081      ,海通期货  ,114,-80,0019      ,宝城期货  ,382,-14,0272      ,银河期货  ,233,-6,
13,0121      ,格林大华  ,109,45,0058      ,国贸期货  ,375,0,0318      ,鑫鼎盛    ,198,0,
14,0082      ,国投安信  ,106,-7,0311      ,兴证期货  ,369,-5,0003      ,建信期货  ,180,0,
15,0311      ,兴证期货  ,91,33,0295      ,美尔雅    ,269,-4,0271      ,渤海期货  ,180,-10,
16,0004      ,国泰君安  ,85,-20,0335      ,中投期货  ,269,3,0159      ,倍特期货  ,154,1,
17,0240      ,广发期货  ,82,75,0253      ,华泰期货  ,258,-4,0298      ,东方财富  ,138,-13,
18,0177      ,大地期货  ,66,50,0186      ,徽商期货  ,257,-110,0059      ,瑞达期货  ,135,36,
19,0059      ,瑞达期货  ,63,52,0321      ,天风期货  ,256,0,0148      ,中信期货  ,131,2,
20,0253      ,华泰期货  ,62,8,0272      ,银河期货  ,242,-3,0103      ,永安期货  ,120,7,
合计:ru2009                        ,,,3416,531,,,9494,-192,,,11836,-106,
商品名称:纸浆                ,合约代码:spall                         ,,,,,,,,,
,期货公司  ,期货公司  ,255766,83134,期货公司  ,期货公司  ,153002,9811,期货公司  ,期货公司  ,153002,9811,
商品名称:纸浆                ,合约代码:spall                         ,,,,,,,,,
,非期货公司,非期货公司,0,0,非期货公司,非期货公司,0,0,非期货公司,非期货公司,0,0,
RANK1合约代码:sp2001                        ,,,,,,,,,,
1,0253      ,华泰期货  ,32516,11030,0148      ,中信期货  ,11131,1593,0103      ,永安期货  ,8713,-3047,
2,0103      ,永安期货  ,16918,5223,0272      ,银河期货  ,8075,2143,0082      ,国投安信  ,8004,-261,
3,0077      ,新湖期货  ,15061,5941,0275      ,鲁证期货  ,6691,1415,0148      ,中信期货  ,7998,1658,
4,0148      ,中信期货  ,12315,3857,0103      ,永安期货  ,5012,421,0311      ,兴证期货  ,7874,1379,
5,0096      ,南华期货  ,10558,-3280,0299      ,华安期货  ,4533,-69,0253      ,华泰期货  ,6157,406,
6,0272      ,银河期货  ,9722,4112,0186      ,徽商期货  ,4119,314,0096      ,南华期货  ,5781,-1363,
7,0311      ,兴证期货  ,7492,2432,0240      ,广发期货  ,3704,49,0277      ,一德期货  ,4057,42,
8,0186      ,徽商期货  ,5812,1155,0034      ,方正中期  ,3597,-103,0003      ,建信期货  ,3642,-191,
9,0081      ,海通期货  ,5426,2499,0004      ,国泰君安  ,3258,481,0137      ,宏源期货  ,3437,401,
10,0034      ,方正中期  ,5371,238,0123      ,浙商期货  ,3099,765,0240      ,广发期货  ,3345,171,
11,0299      ,华安期货  ,4963,1030,0253      ,华泰期货  ,3032,304,0067      ,中财期货  ,3290,188,
12,0004      ,国泰君安  ,4886,1289,0007      ,东海期货  ,2973,43,0058      ,国贸期货  ,3233,-312,
13,0123      ,浙商期货  ,4348,2120,0059      ,瑞达期货  ,2673,178,0123      ,浙商期货  ,3125,-43,
14,0323      ,东吴期货  ,4248,1594,0081      ,海通期货  ,2624,-97,0163      ,东证期货  ,2930,757,
15,0163      ,东证期货  ,3986,2590,0048      ,长江期货  ,2607,-319,0316      ,东兴期货  ,2930,10,
16,0161      ,招商期货  ,3795,605,0268      ,中信建投  ,2456,250,0081      ,海通期货  ,2565,-49,
17,0042      ,光大期货  ,3733,1251,0069      ,申万期货  ,2198,144,0004      ,国泰君安  ,2299,-325,
18,0385      ,国富期货  ,3504,1254,0136      ,信达期货  ,2189,296,0077      ,新湖期货  ,2063,-337,
19,0259      ,华闻期货  ,3004,939,0177      ,大地期货  ,2010,-21,0086      ,东航期货  ,1874,212,
20,0268      ,中信建投  ,2910,847,0151      ,创元期货  ,1845,28,0272      ,银河期货  ,1829,313,
合计:sp2001                        ,,,160568,46726,,,77826,7815,,,85146,-391,
